_file,0,1,pred_safety
gsv_0.jpg,0.7152572557500001,0.284742750875,0
gsv_1.jpg,0.8490486448,0.15095133082225,0
gsv_10.jpg,0.8255265118000001,0.174473509075,0
gsv_100.jpg,0.5863162775000001,0.413683715517,0
gsv_1000.jpg,0.310026453046,0.6899735392,1
gsv_1001.jpg,0.5321891216,0.46781089292000005,0
gsv_1002.jpg,0.9113100861000001,0.08868992266,0
gsv_1003.jpg,0.32020886360850004,0.67979111725,1
gsv_1004.jpg,0.37466575561000004,0.62533422386,1
gsv_1005.jpg,0.48606353822000004,0.513936483684,1
gsv_1006.jpg,0.4668250414220001,0.5331749575575,1
gsv_1007.jpg,0.9959862775500001,0.0040137218231455,0
gsv_1008.jpg,0.9815854646500002,0.018414534281818,0
gsv_1009.jpg,0.9965987468,0.0034012314362696144,0
gsv_101.jpg,0.8644820579,0.13551792123315,0
gsv_1010.jpg,0.5714985148143,0.42850149335000004,0
gsv_1011.jpg,0.82603034025,0.1739696713555,0
gsv_1012.jpg,0.21744890132144,0.7825510781990002,1
gsv_1013.jpg,0.8183318238000001,0.18166821570075,0
gsv_1014.jpg,0.2176689562797728,0.7823310545500001,1
gsv_1015.jpg,0.6150294838399999,0.38497051545000005,0
gsv_1016.jpg,0.58337449588246,0.41662552273965003,0
gsv_1017.jpg,0.60195712219,0.3980428684321,0
gsv_1018.jpg,0.64862579442,0.35137417846795,0
gsv_102.jpg,0.6200397486,0.3799602651,0
gsv_1020.jpg,0.44781194440000005,0.55218803335,1
gsv_1021.jpg,0.34640478969,0.6535952165000001,1
gsv_1022.jpg,0.08356729700901999,0.9164326974500001,1
gsv_1023.jpg,0.504572202395,0.49542780210000004,0
gsv_1024.jpg,0.1418611754465,0.8581388138000001,1
gsv_1025.jpg,0.049163829852650005,0.95083618825,1
gsv_1026.jpg,0.8239569792750001,0.17604298913765004,0
gsv_1028.jpg,0.9379726203000001,0.06202736868050001,0
gsv_1029.jpg,0.9305215929,0.06947842898787066,0
gsv_103.jpg,0.2511753866765,0.7488246175,1
gsv_1030.jpg,0.7095865251000001,0.29041347273600004,0
gsv_1031.jpg,0.26615198890339997,0.7338479846500001,1
gsv_1032.jpg,0.9531277261000002,0.04687226343200001,0
gsv_1033.jpg,0.14064115872824523,0.8593588309500001,1
gsv_1034.jpg,0.6388694224540001,0.36113053807325,0
gsv_1035.jpg,0.183585346935,0.81641464705,1
gsv_1036.jpg,0.44234254392500005,0.55765747046,1
gsv_1037.jpg,0.60629067924,0.39370931849925006,0
gsv_1038.jpg,0.10497222546800002,0.8950277658500001,1
gsv_1039.jpg,0.16912486707399998,0.8308751207000001,1
gsv_104.jpg,0.07964786186606,0.92035211245,1
gsv_1040.jpg,0.24369122511,0.7563087782000001,1
gsv_1041.jpg,0.079310866179,0.9206891315000001,1
gsv_1042.jpg,0.018904102326317,0.9810959060000002,1
gsv_1043.jpg,0.9001226993,0.09987730539289376,0
gsv_1044.jpg,0.46756740565,0.53243262503,1
gsv_1045.jpg,0.4925832658752,0.5074167423675,1
gsv_1046.jpg,0.8639383950999999,0.13606159517245,0
gsv_1047.jpg,0.13881938695100002,0.8611805928500001,1
gsv_1048.jpg,0.0317000861086667,0.9682999284,1
gsv_1049.jpg,0.9691147543,0.030885237893500003,0
gsv_105.jpg,0.36713531385,0.6328646748500001,1
gsv_1051.jpg,0.24943387772953501,0.75056613255,1
gsv_1052.jpg,0.136519331429,0.8634806700000001,1
gsv_1053.jpg,0.13244845065500002,0.86755152625,1
gsv_1054.jpg,0.06609565613735,0.93390432545,1
gsv_1055.jpg,0.6912282376000001,0.308771770954,0
gsv_1056.jpg,0.3133073880014,0.68669263755,1
gsv_1057.jpg,0.7338274617,0.26617250781075,0
gsv_1058.jpg,0.8818878717,0.11811210321200001,0
gsv_1059.jpg,0.845636434,0.15436355446785302,0
gsv_106.jpg,0.08381707103508401,0.9161829301000001,1
gsv_1060.jpg,0.007123570665264301,0.9928764186500001,1
gsv_1061.jpg,0.445946772571,0.554053251915,1
gsv_1062.jpg,0.9396650387500001,0.0603349736426,0
gsv_1063.jpg,0.651192903,0.34880709447,0
gsv_1065.jpg,0.91696037905,0.0830396132470487,0
gsv_1066.jpg,0.8622318853000002,0.13776811241015,0
gsv_1067.jpg,0.7662559744499999,0.2337440237943,0
gsv_1068.jpg,0.06761374650648455,0.9323862427,1
gsv_1069.jpg,0.07542738832370001,0.9245726268,1
gsv_107.jpg,0.114138413848,0.8858615682,1
gsv_1070.jpg,0.9639984685,0.0360015369788511,0
gsv_1071.jpg,0.10387635967299999,0.8961236604500001,1
gsv_1072.jpg,0.8909812446500001,0.10901876324903004,0
gsv_1073.jpg,0.334717915605,0.665282095325,1
gsv_1074.jpg,0.9787352890000001,0.021264733314,0
gsv_1076.jpg,0.13536623869060002,0.8646337696000002,1
gsv_1077.jpg,0.6777368358955,0.3222631515175,0
gsv_1078.jpg,0.99525945895,0.004740562161347339,0
gsv_1079.jpg,0.66474263337,0.3352573486225,0
gsv_108.jpg,0.21153822492750002,0.7884617772,1
gsv_1080.jpg,0.34787739663000006,0.6521225724100002,1
gsv_1081.jpg,0.5233689768500001,0.47663103310000005,0
gsv_1082.jpg,0.030032099802900003,0.9699678785,1
gsv_1083.jpg,0.024744622451605,0.97525539165,1
gsv_1084.jpg,0.9731931606000002,0.0268068712117984,0
gsv_1085.jpg,0.6635780308500001,0.3364219742129451,0
gsv_1086.jpg,0.06837961703291,0.9316203872000001,1
gsv_1087.jpg,0.204111042802,0.79588896475,1
gsv_1088.jpg,0.83602290625,0.16397710375278002,0
gsv_1089.jpg,0.4189631198,0.5810368910200001,1
gsv_109.jpg,0.559014583167,0.44098540618500004,0
gsv_1090.jpg,0.7174482408,0.28255177370400003,0
gsv_1091.jpg,0.6355974815000001,0.36440250889005005,0
gsv_1092.jpg,0.1170897078993,0.8829103262,1
gsv_1093.jpg,0.23615928809112,0.7638407037,1
gsv_1094.jpg,0.11726069251685001,0.8827392771500001,1
gsv_1095.jpg,0.6933603358,0.306639695115,0
gsv_1096.jpg,0.102415647804385,0.8975843771400001,1
gsv_1097.jpg,0.0225073493362625,0.97749265065,1
gsv_1098.jpg,0.22020303645000006,0.7797969971300001,1
gsv_1099.jpg,0.3318611103060001,0.66813886588397,1
gsv_11.jpg,0.74157441175,0.258425579982,0
gsv_110.jpg,0.470142386942,0.529857606,1
gsv_1100.jpg,0.8788104050000001,0.1211896060385,0
gsv_1101.jpg,0.9515162496500003,0.04848376772031575,0
gsv_1102.jpg,0.31731819192099997,0.682681819325,1
gsv_1103.jpg,0.6766255871,0.323374404175,0
gsv_1104.jpg,0.9103708599,0.08962915632503403,0
gsv_1105.jpg,0.293774696635972,0.7062253097500001,1
gsv_1106.jpg,0.37269020979500006,0.62730979927,1
gsv_1107.jpg,0.1746981039698,0.825301928,1
gsv_1108.jpg,0.9697065982,0.030293419408314728,0
gsv_1109.jpg,0.9317727363000001,0.06822728074342,0
gsv_111.jpg,0.046213030003400005,0.9537869604,1
gsv_1110.jpg,0.9941991880000001,0.005800814595032025,0
gsv_1111.jpg,0.29090683230000003,0.7090931519000001,1
gsv_1112.jpg,0.62264150315,0.37735848410750006,0
gsv_1113.jpg,0.8217270307,0.17827300116,0
gsv_1114.jpg,0.62484174405,0.37515827473700003,0
gsv_1115.jpg,0.36343232015615,0.6365677026000001,1
gsv_1116.jpg,0.9627849820500001,0.037214998337640005,0
gsv_1117.jpg,0.9173410606500001,0.08265891710750001,0
gsv_1118.jpg,0.7683757638000001,0.2316242571774,0
gsv_1119.jpg,0.01432071181205,0.9856793079000001,1
gsv_112.jpg,0.7052517925500001,0.29474821142999996,0
gsv_1120.jpg,0.38427229411999997,0.6157276800000001,1
gsv_1121.jpg,0.47762101288,0.5223789795728241,1
gsv_1122.jpg,0.6228896889400001,0.37711028119000006,0
gsv_1123.jpg,0.446760210917,0.5532398034000001,1
gsv_1124.jpg,0.7778678940400001,0.22213208401,0
gsv_1125.jpg,0.7343065806000002,0.265693417085,0
gsv_1127.jpg,0.05001242463198,0.9499875884500001,1
gsv_1128.jpg,0.12292634162000002,0.8770736451499999,1
gsv_1129.jpg,0.4078988444735,0.5921011492903,1
gsv_113.jpg,0.91486538765,0.08513461358750002,0
gsv_1130.jpg,0.004161070792771,0.9958389159000001,1
gsv_1131.jpg,0.07552056406812002,0.9244794323000001,1
gsv_1132.jpg,0.83041522615,0.16958475402530002,0
gsv_1133.jpg,0.11344541076610003,0.88655461095,1
gsv_1134.jpg,0.17886926962500002,0.8211307465,1
gsv_1135.jpg,0.1472992501440384,0.8527007228000001,1
gsv_1136.jpg,0.9743660611,0.025633940966577503,0
gsv_1137.jpg,0.8471521061,0.15284791154450003,0
gsv_1138.jpg,0.8492684584,0.15073154776840003,0
gsv_1139.jpg,0.5664606767200001,0.4335393326222,0
gsv_114.jpg,0.0038239274115515007,0.99617608055,1
gsv_1140.jpg,0.4712544155798,0.52874556624,1
gsv_1141.jpg,0.19091853379640003,0.809081492,1
gsv_1142.jpg,0.9233064604500001,0.07669353461675,0
gsv_1143.jpg,0.5570079637,0.44299204719,0
gsv_1144.jpg,0.9309453223000002,0.06905468841649999,0
gsv_1145.jpg,0.0201695454224,0.97983043565,1
gsv_1146.jpg,0.17214778745533899,0.82785221205,1
gsv_1147.jpg,0.8247811762500001,0.175218816165,0
gsv_1148.jpg,0.008269050555066,0.9917309567,1
gsv_1149.jpg,0.47606983813200004,0.5239301674000001,1
gsv_115.jpg,0.43676165340000006,0.5632383184168,1
gsv_1150.jpg,0.54195619345,0.4580437839750001,0
gsv_1151.jpg,0.8596690058,0.1403310048078,0
gsv_1152.jpg,0.745399939,0.254600045355,0
gsv_1153.jpg,0.72403317261,0.275966828237,0
gsv_1154.jpg,0.96164521425,0.038354757067,0
gsv_1155.jpg,0.65401416805,0.34598584340000005,0
gsv_1156.jpg,0.62491541976,0.37508458107000003,0
gsv_1157.jpg,0.38058030751500005,0.6194197005000001,1
gsv_1158.jpg,0.472793862,0.52720615817,1
gsv_1159.jpg,0.9861032634,0.013896737516727101,0
gsv_116.jpg,0.03665284955130001,0.9633471348,1
gsv_1160.jpg,0.1306419046745,0.8693580527000001,1
gsv_1161.jpg,0.6125993259,0.3874006706017501,0
gsv_1162.jpg,0.7616760686000001,0.23832393532,0
gsv_1163.jpg,0.053849058146700005,0.9461509325999999,1
gsv_1164.jpg,0.8072582770999999,0.19274172805890002,0
gsv_1165.jpg,0.247406785815,0.7525932253000001,1
gsv_1166.jpg,0.47829049100000004,0.52170953979,1
gsv_1167.jpg,0.34351149505000006,0.6564885088000001,1
gsv_1168.jpg,0.03633428377049001,0.9636657565000001,1
gsv_1169.jpg,0.02665357361134,0.9733464579000002,1
gsv_117.jpg,0.22545201162300002,0.7745479957,1
gsv_1170.jpg,0.07049716380590001,0.9295028319,1
gsv_1171.jpg,0.57371097655,0.42628900958200006,0
gsv_1172.jpg,0.36958640174,0.6304135898418001,1
gsv_1173.jpg,0.5537557347745,0.4462442379,0
gsv_1174.jpg,0.5671932098,0.43280680047500003,0
gsv_1175.jpg,0.28438024523449995,0.71561976995,1
gsv_1176.jpg,0.9996404666,0.0003595443595475,0
gsv_1177.jpg,0.21063325734000002,0.7893667515,1
gsv_1178.jpg,0.23215030037819998,0.76784969245,1
gsv_1179.jpg,0.99863229245,0.0013676911138060003,0
gsv_118.jpg,0.112898334185,0.88710168565,1
gsv_1180.jpg,0.0581714489951,0.9418285305,1
gsv_1181.jpg,0.26710415000000004,0.7328958361,1
gsv_1182.jpg,0.009880838649,0.9901191326500001,1
gsv_1183.jpg,0.60308128346,0.3969187217500001,0
gsv_1184.jpg,0.25689689338130006,0.74310308405,1
gsv_1185.jpg,0.81136084995,0.18863916248430002,0
gsv_1186.jpg,0.8725009775000001,0.12749901055494,0
gsv_1187.jpg,0.7967853598000001,0.20321463241199997,0
gsv_1188.jpg,0.8180520595,0.181947964279475,0
gsv_1189.jpg,0.17394965031219997,0.82605035665,1
gsv_119.jpg,0.1002217886224,0.8997781973000001,1
gsv_1190.jpg,0.56466308862,0.4353369254948001,0
gsv_1191.jpg,0.92274086605,0.0772591378495,0
gsv_1192.jpg,0.876757241,0.12324278510302462,0
gsv_1193.jpg,0.46639218013,0.5336078462499999,1
gsv_1194.jpg,0.69179082995,0.30820919731454893,0
gsv_1195.jpg,0.30871476174500007,0.6912852345,1
gsv_1196.jpg,0.9273672214,0.07263279977188,0
gsv_1197.jpg,0.948299963,0.051700003356500004,0
gsv_1198.jpg,0.5441927112092,0.45580731165,0
gsv_1199.jpg,0.7192115734,0.280788411998,0
gsv_12.jpg,0.95325998375,0.0467400066761368,0
gsv_120.jpg,0.8543972725000001,0.14560274857500002,0
gsv_1200.jpg,0.16132615685340002,0.8386738789500001,1
gsv_1201.jpg,0.8417647401000001,0.15823528166286002,0
gsv_1202.jpg,0.09683274055800002,0.9031672775000001,1
gsv_1203.jpg,0.7802081501,0.21979184079000003,0
gsv_1204.jpg,0.35771288645,0.6422871093,1
gsv_1205.jpg,0.9383023090000001,0.061697706212397,0
gsv_1206.jpg,0.4140461805725,0.58595380216,1
gsv_1207.jpg,0.346562027278,0.653437962111,1
gsv_1208.jpg,0.9920384189000002,0.007961574831998003,0
gsv_121.jpg,0.8727870654,0.127212947246,0
gsv_1210.jpg,0.9938938528000001,0.006106122612225001,0
gsv_1211.jpg,0.91783054025,0.08216947295700751,0
gsv_1212.jpg,0.9619562583,0.03804372521175,0
gsv_1213.jpg,0.9855909279000001,0.01440907204332415,0
gsv_1214.jpg,0.5993646455250001,0.40063537573069996,0
gsv_1215.jpg,0.90790051255,0.09209947676822501,0
gsv_1216.jpg,0.6086983118000001,0.39130168612599997,0
gsv_1217.jpg,0.8491462096,0.15085378083250003,0
gsv_1218.jpg,0.9248018174500001,0.07519820503197401,0
gsv_1219.jpg,0.03570785759126001,0.9642921431000001,1
gsv_122.jpg,0.21720158975000003,0.782798418,1
gsv_1220.jpg,0.24365531681750002,0.75634470435,1
gsv_1221.jpg,0.5754238899999999,0.42457610691524006,0
gsv_1222.jpg,0.56724722905,0.43275277524,0
gsv_1223.jpg,0.9379232949,0.062076686496027336,0
gsv_1224.jpg,0.203906804676,0.79609317286,1
gsv_1225.jpg,0.61534345713,0.3846565257276401,0
gsv_1226.jpg,0.8721975773500001,0.12780244413550002,0
gsv_1227.jpg,0.2137090101908,0.7862909900000001,1
gsv_1228.jpg,0.9753853729499999,0.024614664642380005,0
gsv_1229.jpg,0.2397842382875,0.7602157723,1
gsv_123.jpg,0.33151424497049997,0.66848575725,1
gsv_1230.jpg,0.14638005606107,0.85361996315,1
gsv_1231.jpg,0.7442499283999999,0.25575006802,0
gsv_1232.jpg,0.9643063834000001,0.03569361875450001,0
gsv_1233.jpg,0.0935102441994,0.9064897877,1
gsv_1234.jpg,0.29589871780300003,0.7041012610999999,1
gsv_1236.jpg,0.91583427125,0.0841657237417,0
gsv_1237.jpg,0.9570418868000001,0.0429581140693025,0
gsv_1238.jpg,0.07769376475800002,0.9223062594000002,1
gsv_1239.jpg,0.82018601125,0.1798140093701161,0
gsv_124.jpg,0.8742104439,0.12578955715,0
gsv_1240.jpg,0.22451747423,0.7754825101,1
gsv_1241.jpg,0.9089853844,0.09101463454350002,0
gsv_1242.jpg,0.12906143068875,0.8709385627500001,1
gsv_1243.jpg,0.025852697595158906,0.97414732,1
gsv_1244.jpg,0.21412858648,0.7858714243,1
gsv_1245.jpg,0.50968411085,0.49031590658000007,0
gsv_1246.jpg,0.29777904904600005,0.70222094065,1
gsv_1247.jpg,0.94932053165,0.050679478646582496,0
gsv_1248.jpg,0.35477077924999995,0.6452292407190001,1
gsv_1249.jpg,0.65377914084,0.34622089917000004,0
gsv_125.jpg,0.030258756638522,0.9697412457500001,1
gsv_1250.jpg,0.50412690556,0.49587308730000007,0
gsv_1252.jpg,0.77599200555,0.22400797152575,0
gsv_1253.jpg,0.7478603525,0.25213964202825,0
gsv_1254.jpg,0.156164929889,0.8438350423400001,1
gsv_1255.jpg,0.60407406125,0.395925956716,0
gsv_1256.jpg,0.71093877983,0.2890612089449,0
gsv_1257.jpg,0.9492317449000001,0.050768260618100004,0
gsv_1258.jpg,0.8801936731500001,0.119806350916,0
gsv_1259.jpg,0.31702286479,0.682977156252,1
gsv_126.jpg,0.14499131292730003,0.855008682,1
gsv_1260.jpg,0.211066709814,0.78893331435,1
gsv_1261.jpg,0.99318849205,0.006811517592685054,0
gsv_1262.jpg,0.8500409565,0.14995905740855,0
gsv_1263.jpg,0.39577266143000006,0.6042273395500001,1
gsv_1264.jpg,0.525132428105,0.47486756646,0
gsv_1265.jpg,0.9975010977500001,0.0024989082755672498,0
gsv_1266.jpg,0.4663645080034,0.5336355070500001,1
gsv_1267.jpg,0.075921386743727,0.9240786355999999,1
gsv_1268.jpg,0.7630488049999999,0.23695121506855,0
gsv_1269.jpg,0.60310098045,0.396899001973,0
gsv_127.jpg,0.46660698455,0.5333930248600001,1
gsv_1270.jpg,0.19507076330393902,0.80492922395,1
gsv_1271.jpg,0.6488897707000001,0.35111022017000004,0
gsv_1272.jpg,0.21276265619000004,0.7872373291900001,1
gsv_1273.jpg,0.203487228279,0.7965127854,1
gsv_1274.jpg,0.23336219192412003,0.76663782525,1
gsv_1275.jpg,0.023040051701560798,0.97695997295,1
gsv_1276.jpg,0.5240367409,0.47596327281600004,0
gsv_1277.jpg,0.971102282,0.028897713613420004,0
gsv_1278.jpg,0.300681615936,0.69931837775,1
gsv_1279.jpg,0.06828752515978,0.9317124722000001,1
gsv_128.jpg,0.0904265798575,0.9095734414000001,1
gsv_1280.jpg,0.0641613612490875,0.9358386105000001,1
gsv_1281.jpg,0.44660979805000006,0.5533902235,1
gsv_1282.jpg,0.989646239,0.010353781414350003,0
gsv_1283.jpg,0.029143758228089452,0.9708562073000001,1
gsv_1284.jpg,0.59338260723,0.40661739519000006,0
gsv_1285.jpg,0.8201977561,0.17980226160000004,0
gsv_1286.jpg,0.74826594195,0.25173405483542,0
gsv_1287.jpg,0.43317007125000007,0.5668299261,1
gsv_1288.jpg,0.6442879581000001,0.35571205745650003,0
gsv_1289.jpg,0.870554664,0.12944529916376102,0
gsv_129.jpg,0.9804323231000001,0.019567652648848008,0
gsv_1290.jpg,0.4025699727575,0.59743003778,1
gsv_1291.jpg,0.37141945002300003,0.62858055157,1
gsv_1292.jpg,0.019470666759830002,0.9805293157000001,1
gsv_1293.jpg,0.9618165022999999,0.0381834975029,0
gsv_1294.jpg,0.7150290931000001,0.284970888552,0
gsv_1295.jpg,0.34689630194,0.653103709175,1
gsv_1296.jpg,0.47072413386,0.52927589465,1
gsv_1297.jpg,0.29441007850650003,0.7055899247000001,1
gsv_1298.jpg,0.51119975773,0.48880023826999996,0
gsv_1299.jpg,0.7157452961,0.284254708157,0
gsv_13.jpg,0.225711320802285,0.77428867762,1
gsv_130.jpg,0.11327001098556999,0.8867299601500003,1
gsv_1300.jpg,0.149511411853,0.8504886194,1
gsv_1301.jpg,0.0394119281478,0.96058806135,1
gsv_1302.jpg,0.9527241468500001,0.0472758290022,0
gsv_1303.jpg,0.9379088222,0.062091158883,0
gsv_1304.jpg,0.69186663359,0.30813336043500006,0
gsv_1305.jpg,0.9935321254000001,0.006467872810775,0
gsv_1306.jpg,0.5212345717500001,0.47876543965000007,0
gsv_1307.jpg,0.24453936280670002,0.7554606412000001,1
gsv_1308.jpg,0.57494556465,0.4250544427630001,0
gsv_1309.jpg,0.8916176167500001,0.10838238408810001,0
gsv_131.jpg,0.58989459276,0.41010542861550003,0
gsv_1310.jpg,0.06319195645132492,0.9368080398,1
gsv_1311.jpg,0.358176092970995,0.6418239278575,1
gsv_1312.jpg,0.18628376897299997,0.8137162162000001,1
gsv_1313.jpg,0.51069825316,0.4893017505000001,0
gsv_1314.jpg,0.7424584591000001,0.25754155059775,0
gsv_1315.jpg,0.9051579707999999,0.09484203201370002,0
gsv_1316.jpg,0.5233719883000001,0.47662801072000005,0
gsv_1317.jpg,0.96024820935,0.039751818860549994,0
gsv_1318.jpg,0.8935938538500001,0.106406163398225,0
gsv_1319.jpg,0.64187296105,0.35812704962999997,0
gsv_132.jpg,0.8268780407,0.17312196601600002,0
gsv_1320.jpg,0.66048529895,0.3395146987,0
gsv_1321.jpg,0.2105449258898,0.7894550621,1
gsv_1322.jpg,0.5793165696370001,0.42068343567000005,0
gsv_1323.jpg,0.04066273309,0.95933730985,1
gsv_1324.jpg,0.48960880281270003,0.5103912056000001,1
gsv_1325.jpg,0.07034457491610002,0.9296554060000002,1
gsv_1326.jpg,0.04860613049178,0.9513938724000002,1
gsv_1327.jpg,0.025016430871460243,0.9749836167500001,1
gsv_1328.jpg,0.39020753924000007,0.6097924622,1
gsv_1329.jpg,0.417882556115,0.5821174409000001,1
gsv_133.jpg,0.9811050947,0.0188949662488192,0
gsv_1330.jpg,0.50283066625,0.4971693278,0
gsv_1331.jpg,0.059019580468029,0.9409803895000001,1
gsv_1332.jpg,0.029133297059023507,0.9708667008,1
gsv_1333.jpg,0.8362739098,0.16372608616169998,0
gsv_1334.jpg,0.15303436639,0.8469656500500001,1
gsv_1335.jpg,0.01024113119646,0.9897588563500002,1
gsv_1336.jpg,0.59831013865,0.4016898455425,0
gsv_1337.jpg,0.9959316696,0.004068333054936,0
gsv_1338.jpg,0.7211713590000001,0.2788286384868,0
gsv_1339.jpg,0.17698297072500005,0.8230170434999999,1
gsv_134.jpg,0.8863618134,0.11363820148432,0
gsv_1340.jpg,0.30615212083049503,0.69384789265,1
gsv_1341.jpg,0.6554182079,0.34458177951700003,0
gsv_1342.jpg,0.270369006101,0.72963098545,1
gsv_1344.jpg,0.017928105266363,0.98207187865,1
gsv_1345.jpg,0.63850056606,0.3614994463050001,0
gsv_1346.jpg,0.9964500855,0.0035499199351059513,0
gsv_1347.jpg,0.928133353,0.07186664360618,0
gsv_1348.jpg,0.38513077789999994,0.61486925265,1
gsv_1349.jpg,0.06997474859521502,0.9300252209000002,1
gsv_135.jpg,0.13714247940330002,0.8628575268500001,1
gsv_1350.jpg,0.628983881935,0.371016112589,0
gsv_1351.jpg,0.129253857359,0.8707461022,1
gsv_1352.jpg,0.20115111572234,0.79884888035,1
gsv_1353.jpg,0.7764955631500001,0.22350445686750003,0
gsv_1354.jpg,0.9295779933,0.07042202622870002,0
gsv_1355.jpg,0.0820289839639207,0.9179709923500001,1
gsv_1356.jpg,0.8626259244000001,0.13737408345000002,0
gsv_1357.jpg,0.022467081305946504,0.9775329231000001,1
gsv_1358.jpg,0.18710215340120004,0.8128978602000001,1
gsv_1359.jpg,0.383225316579,0.61677468665,1
gsv_136.jpg,0.5530987300500001,0.4469012614000001,0
gsv_1360.jpg,0.40284561617000003,0.59715438595,1
gsv_1361.jpg,0.24519128566388754,0.7548087192000001,1
gsv_1362.jpg,0.5947224992,0.40527750925,0
gsv_1363.jpg,0.5862264742500001,0.413773511155,0
gsv_1364.jpg,0.590957607282,0.40904242105000005,0
gsv_1365.jpg,0.19132469719335,0.8086753101500002,1
gsv_1366.jpg,0.9283909864,0.07160901562918301,0
gsv_1367.jpg,0.027517430394984603,0.9724825917500001,1
gsv_1368.jpg,0.19440383704250003,0.8055961810000001,1
gsv_1369.jpg,0.86370131645,0.13629869420750002,0
gsv_137.jpg,0.67497078137,0.32502922295000003,0
gsv_1370.jpg,0.17036166855530002,0.8296383176040001,1
gsv_1371.jpg,0.82720680415,0.17279317683000003,0
gsv_1372.jpg,0.13172693384389,0.8682730364,1
gsv_1373.jpg,0.7274105663999999,0.27258946516000004,0
gsv_1374.jpg,0.72668665244719,0.273313349805,0
gsv_1375.jpg,0.9462490158500001,0.05375097430554676,0
gsv_1376.jpg,0.24902410871388403,0.7509759137,1
gsv_1377.jpg,0.6124325679147,0.38756745913600005,0
gsv_1378.jpg,0.350214850715,0.6497851228250001,1
gsv_1379.jpg,0.37728612676,0.6227138711,1
gsv_138.jpg,0.09389196273000001,0.9061080509,1
gsv_1380.jpg,0.8215043048999999,0.1784956933303983,0
gsv_1381.jpg,0.35443253148,0.6455674378,1
gsv_1382.jpg,0.43611357104760007,0.563886418703,1
gsv_1383.jpg,0.45317098576750003,0.5468290281000001,1
gsv_1384.jpg,0.6861707195,0.313829286815,0
gsv_1385.jpg,0.9981455475000001,0.0018544499400591702,0
gsv_1386.jpg,0.9538989308000001,0.04610105836433,0
gsv_1387.jpg,0.04878701482684,0.9512129658,1
gsv_1388.jpg,0.6384754235000001,0.3615245953634,0
gsv_1389.jpg,0.015313180350300002,0.9846868208499999,1
gsv_139.jpg,0.47823137346,0.52176860955,1
gsv_1390.jpg,0.302411434599,0.6975885767000001,1
gsv_1391.jpg,0.8942182552000001,0.10578176277284,0
gsv_1392.jpg,0.06050086264128681,0.9394991302500001,1
gsv_1393.jpg,0.9047787635,0.09522122044738002,0
gsv_1394.jpg,0.24592115833062003,0.75407882325,1
gsv_1395.jpg,0.66935552942,0.33064447956799997,0
gsv_1396.jpg,0.94893950695,0.0510605035695,0
gsv_1397.jpg,0.9960915538000001,0.0039084698362828185,0
gsv_1398.jpg,0.020025902343336,0.9799740652500002,1
gsv_1399.jpg,0.9848777866,0.0151222103246572,0
gsv_14.jpg,0.44621493886999997,0.5537850563900001,1
gsv_140.jpg,0.9719007303,0.0280992652125699,0
gsv_1400.jpg,0.6927246607750001,0.3072753349045,0
gsv_1401.jpg,0.47158049165,0.5284194847300001,1
gsv_1402.jpg,0.048726167105944,0.9512737972,1
gsv_1403.jpg,0.17500005844319147,0.82499992723,1
gsv_1404.jpg,0.04013510901100001,0.9598648738500001,1
gsv_1405.jpg,0.24418735622500004,0.7558126673000001,1
gsv_1406.jpg,0.9621792304000001,0.03782076926119549,0
gsv_1408.jpg,0.998082464,0.0019175540926723023,0
gsv_1409.jpg,0.46519021935000004,0.5348097943600001,1
gsv_141.jpg,0.3503502573100001,0.6496497640800001,1
gsv_1411.jpg,0.6099862970000001,0.3900136934,0
gsv_1413.jpg,0.325600782957,0.67439919685,1
gsv_1414.jpg,0.17680686416695,0.8231931231000003,1
gsv_1415.jpg,0.84949761005,0.15050237595480004,0
gsv_1416.jpg,0.03175128318928407,0.9682486919500001,1
gsv_1417.jpg,0.075363522217875,0.92463646005,1
gsv_1418.jpg,0.8559592709999999,0.14404072537645998,0
gsv_1419.jpg,0.8507598022,0.1492401967155,0
gsv_142.jpg,0.031442494398793,0.96855751435,1
gsv_1420.jpg,0.7417487680500001,0.25825124409,0
gsv_1421.jpg,0.4929868098,0.507013186,1
gsv_1422.jpg,0.5852434887,0.414756495275,0
gsv_1423.jpg,0.8041440281000001,0.1958559807247,0
gsv_1424.jpg,0.9461793097500002,0.053820669687160004,0
gsv_1425.jpg,0.7270703709999999,0.272929641173,0
gsv_1426.jpg,0.181776330013,0.81822368165,1
gsv_1427.jpg,0.40643186535000003,0.59356812705,1
gsv_1428.jpg,0.19824224295,0.8017577762000001,1
gsv_1429.jpg,0.9240281450000002,0.07597185858190798,0
gsv_143.jpg,0.05810669804100001,0.941893284,1
gsv_1430.jpg,0.7456305566,0.2543694226658001,0
gsv_1431.jpg,0.21567010490599997,0.7843298684,1
gsv_1432.jpg,0.4917281243,0.508271885088,1
gsv_1433.jpg,0.9978709443000002,0.00212904917788,0
gsv_1434.jpg,0.9977949143999999,0.002205079255734588,0
gsv_1435.jpg,0.4017947331,0.5982052585000001,1
gsv_1436.jpg,0.661910428733,0.338089542575,0
gsv_1437.jpg,0.9832698432000001,0.0167301409443,0
gsv_1438.jpg,0.035942239151932,0.96405774175,1
gsv_1439.jpg,0.3792466174500001,0.6207533971000001,1
gsv_144.jpg,0.88753769195,0.11246231570620002,0
gsv_1440.jpg,0.64298837965,0.3570116272,0
gsv_1441.jpg,0.9953044896000001,0.004695516473091933,0
gsv_1442.jpg,0.07856948132900002,0.9214305174999999,1
gsv_1443.jpg,0.6733408682900001,0.32665910970934997,0
gsv_1444.jpg,0.8798624091,0.12013760835250002,0
gsv_1445.jpg,0.4762951053250001,0.52370488345,1
gsv_1446.jpg,0.1231004257633094,0.87689954374,1
gsv_1447.jpg,0.09919714993699999,0.9008028403999999,1
gsv_1448.jpg,0.2565826221,0.7434173843,1
gsv_1449.jpg,0.5202311875250001,0.479768790755,0
gsv_145.jpg,0.4598491283763,0.5401508806,1
gsv_1450.jpg,0.74813874685,0.25186119385,0
gsv_1451.jpg,0.6238808415400001,0.3761191384,0
gsv_1452.jpg,0.9370143954000001,0.0629856337890821,0
gsv_1453.jpg,0.02894089093179,0.9710591094000001,1
gsv_1454.jpg,0.91198811795,0.0880118600402287,0
gsv_1455.jpg,0.1466005870739559,0.8533993858,1
gsv_1456.jpg,0.2550653703643,0.74493464673,1
gsv_1457.jpg,0.77063520152,0.229364809525,0
gsv_1458.jpg,0.9813556925,0.018644325422873302,0
gsv_1459.jpg,0.8713259575000001,0.12867405306500004,0
gsv_146.jpg,0.73074224543,0.26925775483700004,0
gsv_1461.jpg,0.298349505739,0.70165054075,1
gsv_1462.jpg,0.8075093867,0.19249060173899998,0
gsv_1463.jpg,0.7480021106500001,0.25199791068904,0
gsv_1464.jpg,0.33953346139,0.6604665498,1
gsv_1465.jpg,0.14074380914334,0.8592561850000001,1
gsv_1466.jpg,0.10447453792674999,0.8955254657,1
gsv_1467.jpg,0.9699343243,0.03006567193136319,0
gsv_1468.jpg,0.47608640631550003,0.5239135598625,1
gsv_1469.jpg,0.15060759107,0.8493923873000001,1
gsv_147.jpg,0.3017788706473584,0.69822113675,1
gsv_1470.jpg,0.9980783385,0.0019216622388768003,0
gsv_1471.jpg,0.13585278047750005,0.8641472238500001,1
gsv_1472.jpg,0.047200612363775006,0.9527994031,1
gsv_1473.jpg,0.85165585772,0.14834409551773753,0
gsv_1474.jpg,0.6360436985,0.36395628082500003,0
gsv_1475.jpg,0.036736156563575005,0.9632638931,1
gsv_1476.jpg,0.9897424537000001,0.010257556467458151,0
gsv_1477.jpg,0.7905511918000001,0.2094487882087,0
gsv_1478.jpg,0.06094135839597001,0.9390586572500002,1
gsv_1479.jpg,0.40635797221000003,0.5936420184,1
gsv_148.jpg,0.7117575422,0.28824248642500006,0
gsv_1480.jpg,0.7478997394,0.25210026495300003,0
gsv_1481.jpg,0.21537797074140003,0.78462204705,1
gsv_1482.jpg,0.6586123861000001,0.341387590135,0
gsv_1483.jpg,0.11343438596450003,0.88656563195,1
gsv_1484.jpg,0.28901679041483924,0.7109832035000001,1
gsv_1485.jpg,0.46336541655,0.53663456805,1
gsv_1486.jpg,0.3623348854,0.63766512182,1
gsv_1487.jpg,0.94326864655,0.056731362858287004,0
gsv_1488.jpg,0.26875275034981005,0.7312472592500001,1
gsv_1489.jpg,0.261097250602905,0.7389027916500001,1
gsv_1490.jpg,0.333996120461,0.6660038831,1
gsv_1491.jpg,0.7833380311,0.21666193810845177,0
gsv_1492.jpg,0.64688999465,0.3531100253092,0
gsv_1493.jpg,0.563946872,0.43605315095600006,0
gsv_1494.jpg,0.26965264325,0.7303473288100001,1
gsv_1495.jpg,0.7334335455900001,0.26656645944650004,0
gsv_1496.jpg,0.40981497503430003,0.59018500366,1
gsv_1497.jpg,0.29215942943,0.7078405650499999,1
gsv_1498.jpg,0.7290749164500001,0.270925075458,0
gsv_1499.jpg,0.8720009697000001,0.12799901959986001,0
gsv_15.jpg,0.08356109233110001,0.9164389180999999,1
gsv_150.jpg,0.29201669238,0.70798333685,1
gsv_1500.jpg,0.6824378107500002,0.31756215630004003,0
gsv_1501.jpg,0.897059536,0.1029404325375,0
gsv_1502.jpg,0.7881246932000001,0.21187530253,0
gsv_1503.jpg,0.05609538246630001,0.9439046007,1
gsv_1504.jpg,0.24521139417500004,0.7547885859600001,1
gsv_1505.jpg,0.7502187946000001,0.24978123107645,0
gsv_1506.jpg,0.7562304823000001,0.24376953311075,0
gsv_1507.jpg,0.8645937600000001,0.1354062343,0
gsv_1508.jpg,0.027645909606354005,0.9723541062500001,1
gsv_1509.jpg,0.6711017260800001,0.3288982682,0
gsv_151.jpg,0.672051644945,0.3279483528,0
gsv_1510.jpg,0.12920011557564098,0.8707998592000001,1
gsv_1511.jpg,0.2611743882728,0.7388256288499999,1
gsv_1512.jpg,0.21026046431,0.7897395425000001,1
gsv_1513.jpg,0.16883180610240006,0.8311681792999999,1
gsv_1514.jpg,0.069601637251619,0.9303983968,1
gsv_1515.jpg,0.405434573752,0.5945654068,1
gsv_1516.jpg,0.7314093228175,0.268590690545,0
gsv_1517.jpg,0.8704105037000001,0.12958946838973,0
gsv_1518.jpg,0.402619558066,0.59738042705,1
gsv_152.jpg,0.32570865795,0.6742913511000002,1
gsv_1520.jpg,0.99713262935,0.0028673632444751727,0
gsv_1521.jpg,0.30175802154000003,0.6982419786,1
gsv_1522.jpg,0.971526607,0.02847343324662001,0
gsv_1523.jpg,0.058668531276855,0.9413314576000001,1
gsv_1524.jpg,0.9878305983,0.0121693727180302,0
gsv_1525.jpg,0.8945926661,0.10540731559564002,0
gsv_1526.jpg,0.10654433951192199,0.8934556844000001,1
gsv_1527.jpg,0.9549749736500001,0.045025040311101404,0
gsv_1528.jpg,0.033728060247360005,0.9662719729,1
gsv_1529.jpg,0.29142563106177,0.70857433505,1
gsv_153.jpg,0.57138760863,0.428612414203,0
gsv_1530.jpg,0.019686326335616004,0.9803136651000001,1
gsv_1531.jpg,0.4390203057,0.5609797042,1
gsv_1532.jpg,0.36194233866000003,0.6380576601000001,1
gsv_1533.jpg,0.7700726871000001,0.22992728628600007,0
gsv_1534.jpg,0.99030555775,0.009694466373480001,0
gsv_1535.jpg,0.113404624908,0.8865953726000001,1
gsv_1536.jpg,0.30933182130000003,0.6906681611000001,1
gsv_1537.jpg,0.072726971991984,0.9272730606500001,1
gsv_1538.jpg,0.6184964511500001,0.38150353647986,0
gsv_1539.jpg,0.424616139584,0.57538387,1
gsv_154.jpg,0.680199185512,0.31980083866250003,0
gsv_1540.jpg,0.017151332385864526,0.9828486545000001,1
gsv_1541.jpg,0.3353111952,0.6646888146300001,1
gsv_1542.jpg,0.52965991901,0.47034010905,0
gsv_1543.jpg,0.53915361864,0.4608463742625,0
gsv_1545.jpg,0.9934039322,0.00659607536830265,0
gsv_1546.jpg,0.028889690831400004,0.9711103144000001,1
gsv_1547.jpg,0.44246909605750007,0.5575308683828,1
gsv_1548.jpg,0.261040940571174,0.7389590833,1
gsv_1549.jpg,0.056660005931995404,0.9433399906000002,1
gsv_155.jpg,0.98345784565,0.016542152495556,0
gsv_1550.jpg,0.80439440435,0.195605628425,0
gsv_1551.jpg,0.9310256637000002,0.06897437279937502,0
gsv_1552.jpg,0.67614004512,0.32385995955,0
gsv_1553.jpg,0.19531054191250002,0.8046894796499999,1
gsv_1554.jpg,0.9776494929999999,0.02235051895117741,0
gsv_1555.jpg,0.7404923145,0.25950772018317997,0
gsv_1556.jpg,0.09289446247916,0.907105547,1
gsv_1557.jpg,0.35129461236000004,0.6487053775330001,1
gsv_1558.jpg,0.8283788514,0.17162111569183,0
gsv_1559.jpg,0.1456607231252,0.8543392644814001,1
gsv_156.jpg,0.33157038185000004,0.66842961305,1
gsv_1560.jpg,0.89406493965,0.10593503680252501,0
gsv_1561.jpg,0.41421816922,0.585781831,1
gsv_1562.jpg,0.053884780291760005,0.9461152456000002,1
gsv_1563.jpg,0.9168046695000001,0.083195367082,0
gsv_1564.jpg,0.83144918775,0.16855081406511502,0
gsv_1565.jpg,0.3049846448550001,0.6950153428100001,1
gsv_1566.jpg,0.22865310520800003,0.7713468801500001,1
gsv_1567.jpg,0.5631664620000001,0.4368335729355,0
gsv_1568.jpg,0.9420854019500001,0.0579146050372319,0
gsv_1569.jpg,0.21886276686,0.7811372114000001,1
gsv_157.jpg,0.9993180169,0.0006819914551903361,0
gsv_1570.jpg,0.03796023647800001,0.962039764,1
gsv_1571.jpg,0.8803572987,0.11964270693750001,0
gsv_1572.jpg,0.836379863098,0.1636201415968241,0
gsv_1573.jpg,0.9576174779,0.04238251037979915,0
gsv_1574.jpg,0.7435616503,0.256438331387,0
gsv_1575.jpg,0.042565194225747206,0.9574348140500002,1
gsv_1576.jpg,0.38755564673000004,0.6124443373000001,1
gsv_1577.jpg,0.539498283723,0.4605017173825,0
gsv_1578.jpg,0.8981983869999999,0.10180163160236,0
gsv_1579.jpg,0.44862068041500003,0.551379356767,1
gsv_158.jpg,0.46427674113295003,0.5357232705100001,1
gsv_1580.jpg,0.8961568314500001,0.10384314089063001,0
gsv_1581.jpg,0.16167472637750002,0.8383252743,1
gsv_1582.jpg,0.5871697642,0.41283023906000005,0
gsv_1583.jpg,0.9390321935,0.060967821994400005,0
gsv_1584.jpg,0.14591503447300003,0.85408495995,1
gsv_1585.jpg,0.9164523079,0.08354767097933002,0
gsv_1586.jpg,0.203824243067,0.7961757580500001,1
gsv_1587.jpg,0.055990270260033004,0.9440097232,1
gsv_1588.jpg,0.4693645939500001,0.5306353919000001,1
gsv_1589.jpg,0.1066692016104,0.8933307735,1
gsv_159.jpg,0.8690973367000001,0.13090265223500003,0
gsv_1590.jpg,0.82854022445,0.171459762855,0
gsv_1591.jpg,0.025595210961660005,0.97440479865,1
gsv_1592.jpg,0.170933937639,0.8290660477,1
gsv_1593.jpg,0.3637756628473,0.63622430925,1
gsv_1594.jpg,0.024394413995790003,0.9756055797000001,1
gsv_1595.jpg,0.5974141495,0.402585865675,0
gsv_1596.jpg,0.41445106665000003,0.58554892875,1
gsv_1597.jpg,0.2283006860476,0.7716993164,1
gsv_1598.jpg,0.3937213759354001,0.6062786154000002,1
gsv_1599.jpg,0.65019914565,0.3498008626289,0
gsv_16.jpg,0.42127574719000005,0.578724256625,1
gsv_160.jpg,0.5324321348000001,0.46756787210000006,0
gsv_1600.jpg,0.681014890899,0.31898508032121803,0
gsv_1601.jpg,0.9393171446999999,0.06068285750519001,0
gsv_1602.jpg,0.506075699564,0.49392431585,0
gsv_1603.jpg,0.035052765759890005,0.964947244,1
gsv_1604.jpg,0.9897635972000001,0.010236398718105598,0
gsv_1605.jpg,0.036758602640175005,0.9632413924000001,1
gsv_1606.jpg,0.425557049893,0.5744429664500001,1
gsv_1607.jpg,0.009397318889446,0.9906026800000001,1
gsv_1608.jpg,0.9094262274000001,0.09057379090100001,0
gsv_161.jpg,0.63541568647,0.36458431962500004,0
gsv_1610.jpg,0.19791710962500003,0.802082889,1
gsv_1611.jpg,0.69392964691,0.30607033676750006,0
gsv_1612.jpg,0.210653993625,0.78934601175,1
gsv_1613.jpg,0.9988259958,0.0011739842500077004,0
gsv_1614.jpg,0.09520279344506,0.9047972185,1
gsv_1615.jpg,0.9886592486000001,0.01134075555349672,0
gsv_1616.jpg,0.2534233566545,0.7465766279000001,1
gsv_1617.jpg,0.027300430408870004,0.97269956485,1
gsv_1618.jpg,0.131919887526,0.86808009605,1
gsv_1619.jpg,0.7491147724,0.25088523398000007,0
gsv_162.jpg,0.040039090657100006,0.9599609096000001,1
gsv_1620.jpg,0.25348220538000005,0.74651778531,1
gsv_1621.jpg,0.737491137,0.262508856675,0
gsv_1622.jpg,0.9702652021000001,0.029734788126295996,0
gsv_1623.jpg,0.6735778895000001,0.32642214765950006,0
gsv_1624.jpg,0.22714430194800003,0.7728556827999999,1
gsv_1625.jpg,0.03671225091875001,0.9632877390000001,1
gsv_1626.jpg,0.10766463421615,0.8923353746500001,1
gsv_1627.jpg,0.7048458127999999,0.2951541661,0
gsv_1628.jpg,0.08772559675604,0.9122743885500001,1
gsv_1629.jpg,0.10240042814000001,0.8975995724000001,1
gsv_163.jpg,0.9631129995000001,0.0368870083284728,0
gsv_1630.jpg,0.60620740867,0.39379257332929996,0
gsv_1631.jpg,0.38416835251500003,0.6158316732000001,1
gsv_1632.jpg,0.7917000618000001,0.2082999292,0
gsv_1633.jpg,0.1147310715328,0.885268962,1
gsv_1634.jpg,0.26051880685000006,0.7394811985,1
gsv_1636.jpg,0.36708533022,0.6329146835499999,1
gsv_1637.jpg,0.7835835576000001,0.21641645687799999,0
gsv_1638.jpg,0.7973992033,0.20260078617500002,0
gsv_1639.jpg,0.376480155806,0.62351983891,1
gsv_164.jpg,0.10786971666177161,0.8921302964,1
gsv_1640.jpg,0.7946288596500001,0.20537111798350002,0
gsv_1641.jpg,0.9477213507,0.05227863553033,0
gsv_1642.jpg,0.17535556642587002,0.824644444,1
gsv_1643.jpg,0.31871748929,0.6812825025000001,1
gsv_1644.jpg,0.25383100240100004,0.7461690071,1
gsv_1645.jpg,0.1979352336866,0.8020647829,1
gsv_1646.jpg,0.19905249068000003,0.80094750245,1
gsv_1647.jpg,0.8965199228,0.103480100207269,0
gsv_1648.jpg,0.329828053023,0.6701719421000001,1
gsv_1649.jpg,0.5473238610810001,0.45267613574,0
gsv_165.jpg,0.21877539825000003,0.7812246148289809,1
gsv_1650.jpg,0.67954189597,0.32045814285,0
gsv_1651.jpg,0.09675538050000002,0.9032446113999999,1
gsv_1652.jpg,0.12483685007875,0.87516316778,1
gsv_1653.jpg,0.09169018903649001,0.9083098032000001,1
gsv_1654.jpg,0.332431841208,0.6675681681000001,1
gsv_1655.jpg,0.9418440735,0.058155911141497506,0
gsv_1656.jpg,0.0279619234188,0.9720381138,1
gsv_1657.jpg,0.20500990123385998,0.7949901161000001,1
gsv_1658.jpg,0.2097420647082,0.7902579498,1
gsv_1659.jpg,0.9986744505,0.0013255386116505,0
gsv_166.jpg,0.6659092232,0.33409077913250007,0
gsv_1660.jpg,0.09041930177725001,0.9095806963000002,1
gsv_1661.jpg,0.79205057975,0.2079494127987,0
gsv_1662.jpg,0.22620178058,0.7737982256000001,1
gsv_1663.jpg,0.9019928105,0.09800717209305,0
gsv_1664.jpg,0.19418702986199998,0.8058129600999999,1
gsv_1665.jpg,0.1249117466953,0.8750882463000001,1
gsv_1666.jpg,0.40321796657340003,0.5967820516,1
gsv_1667.jpg,0.61000055155,0.38999943653190006,0
gsv_1668.jpg,0.6475369956400001,0.35246299463200004,0
gsv_1669.jpg,0.29026329895,0.7097367107000001,1
gsv_167.jpg,0.495089186224,0.5049107863425001,1
gsv_1670.jpg,0.32527183576700003,0.67472814788375,1
gsv_1671.jpg,0.59563086775,0.40436912015,0
gsv_1672.jpg,0.059291670944600014,0.9407083386499999,1
gsv_1673.jpg,0.45527547026400006,0.544724534725,1
gsv_1675.jpg,0.0943235458512,0.90567645205,1
gsv_1676.jpg,0.08190321137920001,0.9180968019500001,1
gsv_1677.jpg,0.5425428842000001,0.4574571276,0
gsv_1678.jpg,0.156057439715,0.8439425697500001,1
gsv_1679.jpg,0.8668103945500001,0.1331895815732,0
gsv_168.jpg,0.46863090651750006,0.53136910776,1
gsv_1680.jpg,0.9901793307,0.00982065856068,0
gsv_1681.jpg,0.5009227357250001,0.4990772629575,0
gsv_1682.jpg,0.85090807745,0.14909192220509998,0
gsv_1683.jpg,0.5511660473860001,0.448833951165,0
gsv_1685.jpg,0.016144350442736398,0.9838556384,1
gsv_1686.jpg,0.5324629471,0.467537036817,0
gsv_1687.jpg,0.62873913,0.37126087457465007,0
gsv_1688.jpg,0.61192274469,0.38807725854999997,0
gsv_1689.jpg,0.9218436163000001,0.07815637531072402,0
gsv_169.jpg,0.47487525455,0.5251247631,1
gsv_1690.jpg,0.22118727403000005,0.77881274844,1
gsv_1691.jpg,0.281675118625,0.7183248896500001,1
gsv_1693.jpg,0.3241164138576,0.675883567675,1
gsv_1694.jpg,0.9389986994000001,0.0610012833192552,0
gsv_1695.jpg,0.9618055614000002,0.03819444119234,0
gsv_1696.jpg,0.551987511828,0.44801250945000004,0
gsv_1697.jpg,0.070360739078445,0.92963927795,1
gsv_1698.jpg,0.17238256987400002,0.8276174266,1
gsv_1699.jpg,0.9924222948000001,0.00757769873406795,0
gsv_17.jpg,0.9810524838500001,0.0189474934106799,0
gsv_170.jpg,0.8969517365,0.10304825494000001,0
gsv_1700.jpg,0.9404098674000001,0.05959013792765,0
gsv_1701.jpg,0.44880880079999996,0.55119120021,1
gsv_1702.jpg,0.46944267475,0.5305573473480001,1
gsv_1703.jpg,0.8785238552000001,0.121476140438,0
gsv_1704.jpg,0.868328057,0.131671945420075,0
gsv_1706.jpg,0.034132633967,0.9658673785999999,1
gsv_1707.jpg,0.16312123768317,0.8368787350500002,1
gsv_1708.jpg,0.9952519631000001,0.004748043843729,0
gsv_1709.jpg,0.205737482772,0.79426251685,1
gsv_171.jpg,0.94356932525,0.056430666439731,0
gsv_1710.jpg,0.2781064335435,0.7218935940000001,1
gsv_1711.jpg,0.3168084147356,0.6831915809000001,1
gsv_1712.jpg,0.6378251079,0.3621748897025,0
gsv_1713.jpg,0.9918849518000001,0.00811506067104,0
gsv_1715.jpg,0.34420730829,0.6557926918000001,1
gsv_1716.jpg,0.11631291556174,0.8836870808,1
gsv_1717.jpg,0.375521895397,0.6244781202,1
gsv_1718.jpg,0.153723652144619,0.8462763354,1
gsv_1719.jpg,0.8138316296500001,0.18616837446917,0
gsv_172.jpg,0.7930536831500001,0.20694631185874998,0
gsv_1720.jpg,0.41760237659625,0.5823976213800001,1
gsv_1721.jpg,0.8924383963000001,0.10756160812500001,0
gsv_1722.jpg,0.75997158357,0.24002840503854458,0
gsv_1723.jpg,0.6735985769000001,0.326401423881,0
gsv_1724.jpg,0.072451105431,0.9275489071,1
gsv_1725.jpg,0.025386872519410603,0.9746131114000001,1
gsv_1726.jpg,0.07618202272325,0.9238179966000001,1
gsv_1727.jpg,0.91088670925,0.08911330271050001,0
gsv_1728.jpg,0.27791823098952,0.72208177301,1
gsv_1729.jpg,0.9349236380000001,0.06507632307030352,0
gsv_173.jpg,0.058984278974836,0.9410157464000002,1
gsv_1730.jpg,0.9985492682000001,0.0014507321128355022,0
gsv_1731.jpg,0.6641529588,0.33584704486749994,0
gsv_1732.jpg,0.7270727183000001,0.272927295659,0
gsv_1733.jpg,0.3547521980999999,0.64524778965,1
gsv_1734.jpg,0.145436537527,0.8545634548000001,1
gsv_1735.jpg,0.7511970909000001,0.24880292929360004,0
gsv_1736.jpg,0.8712569,0.12874311385702042,0
gsv_1737.jpg,0.5266265258500001,0.47337347520000006,0
gsv_1738.jpg,0.9697671673000001,0.030232832081695006,0
gsv_1739.jpg,0.87995021945,0.12004978995200002,0
gsv_174.jpg,0.28318070307791365,0.7168193254499999,1
gsv_1740.jpg,0.960635674,0.0393643343437,0
gsv_1741.jpg,0.06076405886050001,0.9392359460499999,1
gsv_1742.jpg,0.7797023726500001,0.22029763060000002,0
gsv_1743.jpg,0.18864696893132,0.81135299795,1
gsv_1744.jpg,0.923859062,0.07614096709365803,0
gsv_1745.jpg,0.47185106016482004,0.5281489526734001,1
gsv_1746.jpg,0.050331481843300004,0.9496684969,1
gsv_1747.jpg,0.44787404655000007,0.5521259525,1
gsv_1748.jpg,0.8207146748,0.17928531381356577,0
gsv_1749.jpg,0.128324364917,0.87167564095,1
gsv_175.jpg,0.32908948157400003,0.6709105370800001,1
gsv_1750.jpg,0.69402602375,0.30597397405050003,0
gsv_1751.jpg,0.5521646332000001,0.44783535665,0
gsv_1752.jpg,0.6991321677,0.30086781754,0
gsv_1753.jpg,0.07158464295601001,0.9284153719,1
gsv_1754.jpg,0.6644004409500002,0.3355995491,0
gsv_1755.jpg,0.9650739531000001,0.034926012617634006,0
gsv_1756.jpg,0.9786753102500001,0.0213247044773,0
gsv_1757.jpg,0.6529761929319999,0.347023779506,0
gsv_1758.jpg,0.704661261,0.295338774842,0
gsv_1759.jpg,0.8242381023500001,0.17576189596900005,0
gsv_176.jpg,0.15771897659,0.84228102885,1
gsv_1761.jpg,0.306301438793,0.6936985507500001,1
gsv_1762.jpg,0.51059017205,0.48940981561625,0
gsv_1763.jpg,0.210883755586,0.7891162509,1
gsv_1764.jpg,0.49394034330000003,0.5060596341200001,1
gsv_1765.jpg,0.8912510141000001,0.10874897158998699,0
gsv_1766.jpg,0.9642263166000001,0.035773679190753,0
gsv_1767.jpg,0.26181227016200004,0.7381877459999999,1
gsv_1768.jpg,0.19165097156150002,0.8083490360500001,1
gsv_1769.jpg,0.031617527296970004,0.9683824805000001,1
gsv_177.jpg,0.03229132475308231,0.96770867315,1
gsv_1770.jpg,0.15899033212730002,0.8410096556000001,1
gsv_1771.jpg,0.05851651069184888,0.9414834827,1
gsv_1772.jpg,0.9526181493000001,0.04738182851994141,0
gsv_1773.jpg,0.5591342229,0.44086577574999997,0
gsv_1774.jpg,0.8308256454,0.169174334515,0
gsv_1776.jpg,0.9248959036500001,0.0751040802800075,0
gsv_1777.jpg,0.763205449,0.23679457346100002,0
gsv_1778.jpg,0.20091653311000002,0.799083462,1
gsv_1779.jpg,0.5803261121200001,0.4196738798912,0
gsv_178.jpg,0.13427353310359,0.86572648685,1
gsv_1780.jpg,0.56897326151,0.4310267642,0
gsv_1781.jpg,0.6450863474,0.35491365862,0
gsv_1782.jpg,0.6990011998500001,0.300998799893,0
gsv_1783.jpg,0.088058825942883,0.9119411765000001,1
gsv_1784.jpg,0.19026856779423001,0.8097314429,1
gsv_1785.jpg,0.094903076489853,0.9050969388500001,1
gsv_1786.jpg,0.38572694875,0.61427307815,1
gsv_1787.jpg,0.46599702940000004,0.5340029628499999,1
gsv_1788.jpg,0.1545195191857,0.8454805060000001,1
gsv_1789.jpg,0.7001041309,0.29989586757700004,0
gsv_179.jpg,0.7273457425559999,0.27265428077000003,0
gsv_1790.jpg,0.82308172615,0.17691828569854004,0
gsv_1791.jpg,0.47522436045,0.5247756607,1
gsv_1792.jpg,0.4470632934,0.5529367133,1
gsv_1793.jpg,0.274806157887,0.725193835,1
gsv_1794.jpg,0.305967491004,0.6940325008000001,1
gsv_1795.jpg,0.6761146786000001,0.32388528828999996,0
gsv_1796.jpg,0.9089927115,0.09100730756617754,0
gsv_1797.jpg,0.5274046292580001,0.4725953546500001,0
gsv_1798.jpg,0.4715576791200001,0.52844232406,1
gsv_1799.jpg,0.4833703372820001,0.5166296239000001,1
gsv_18.jpg,0.011698374358830003,0.9883016401,1
gsv_180.jpg,0.9542076881999999,0.04579233165053242,0
gsv_1800.jpg,0.7608127929,0.23918722637,0
gsv_1801.jpg,0.10290953597023,0.89709048405,1
gsv_1802.jpg,0.31259373871,0.6874062571500001,1
gsv_1803.jpg,0.05973880071797501,0.94026121435,1
gsv_1804.jpg,0.183825837784,0.81617417,1
gsv_1805.jpg,0.22633403464,0.7736659865000001,1
gsv_1806.jpg,0.7142763211000001,0.28572370819,0
gsv_1807.jpg,0.5477182192500001,0.45228178768500005,0
gsv_1808.jpg,0.50125084543,0.49874916675000003,0
gsv_1809.jpg,0.16335760153462,0.8366424213000001,1
gsv_181.jpg,0.77921377955,0.22078622732000003,0
gsv_1810.jpg,0.153285548817734,0.8467144495000001,1
gsv_1812.jpg,0.4679905155050001,0.5320094655100001,1
gsv_1813.jpg,0.41863661947,0.5813633784000001,1
gsv_1814.jpg,0.9542692515,0.045730730531100015,0
gsv_1815.jpg,0.8883763994,0.11162357483600001,0
gsv_1816.jpg,0.8176337128000002,0.18236632392090002,0
gsv_1817.jpg,0.88130217135,0.11869784860186251,0
gsv_1818.jpg,0.77813450335,0.22186550603675,0
gsv_1819.jpg,0.45914820975,0.5408517856299999,1
gsv_182.jpg,0.047773468431350004,0.9522265667,1
gsv_1820.jpg,0.9873278092000002,0.012672179193389001,0
gsv_1821.jpg,0.5367152296465001,0.46328475135,0
gsv_1822.jpg,0.7072932942500001,0.29270670725000003,0
gsv_1823.jpg,0.06319350953855801,0.9368064956500001,1
gsv_1824.jpg,0.017539798103400006,0.9824602132,1
gsv_1825.jpg,0.8778898113,0.12211018613646263,0
gsv_1826.jpg,0.6912331269,0.30876685406899995,0
gsv_1827.jpg,0.174258489247,0.8257415323,1
gsv_1828.jpg,0.17672016586790001,0.82327982135,1
gsv_1829.jpg,0.1527926647142,0.8472073364000001,1
gsv_183.jpg,0.303271382379497,0.69672861385,1
gsv_1830.jpg,0.0475946631045289,0.9524052982,1
gsv_1831.jpg,0.9329356191,0.06706439009649999,0
gsv_1832.jpg,0.6481331020800001,0.351866904975,0
gsv_1833.jpg,0.7394268588499999,0.2605731235395,0
gsv_1834.jpg,0.8705716425000001,0.1294283591609,0
gsv_1835.jpg,0.7489490976000001,0.251050898963025,0
gsv_1836.jpg,0.01754709315759992,0.9824528999,1
gsv_1837.jpg,0.14659139255300002,0.85340861,1
gsv_1838.jpg,0.8546427464999999,0.14535721795674997,0
gsv_1839.jpg,0.4409177298000001,0.55908225438,1
gsv_184.jpg,0.17533351052560003,0.8246664934500001,1
gsv_1840.jpg,0.066226948211407,0.9337730718,1
gsv_1841.jpg,0.18391535380879998,0.8160846204000001,1
gsv_1842.jpg,0.8071866440500001,0.19281335152,0
gsv_1843.jpg,0.05099732106106201,0.9490026825000001,1
gsv_1845.jpg,0.92472691195,0.07527310038048002,0
gsv_1846.jpg,0.5082462059200001,0.49175378554000004,0
gsv_1847.jpg,0.89814381165,0.10185619683023449,0
gsv_1848.jpg,0.47728936797,0.522710628375,1
gsv_1849.jpg,0.008223707148866,0.9917762968000001,1
gsv_185.jpg,0.34288131098700003,0.6571187350000001,1
gsv_1850.jpg,0.95449051455,0.04550946286716001,0
gsv_1851.jpg,0.10695792316040001,0.8930420614000001,1
gsv_1853.jpg,0.700902334,0.29909766309999997,0
gsv_1854.jpg,0.08264286021969,0.9173571360000001,1
gsv_1855.jpg,0.422348434,0.5776515781,1
gsv_1856.jpg,0.8841169858000001,0.11588300386139999,0
gsv_1857.jpg,0.24915267683599998,0.7508473122799999,1
gsv_1858.jpg,0.9454517964,0.0545481892753,0
gsv_1859.jpg,0.9996919302,0.00030807183630424025,0
gsv_186.jpg,0.2354713660803,0.7645286185,1
gsv_1860.jpg,0.03347566194925564,0.9665243647499999,1
gsv_1861.jpg,0.24650621351229005,0.75349377115,1
gsv_1862.jpg,0.177072815632,0.8229271634,1
gsv_1863.jpg,0.9182297147000001,0.08177026489810002,0
gsv_1864.jpg,0.2447569157475,0.7552430761075,1
gsv_1865.jpg,0.43291356220000005,0.567086466783,1
gsv_1866.jpg,0.9713071445000001,0.028692851369449,0
gsv_1867.jpg,0.8304307111000001,0.169569316296521,0
gsv_1868.jpg,0.3780738595157,0.62192614445,1
gsv_1869.jpg,0.72489292204,0.2751070910425218,0
gsv_187.jpg,0.87789904565,0.12210095529279001,0
gsv_1870.jpg,0.042653446393930046,0.9573465599000002,1
gsv_1871.jpg,0.07141411994750001,0.9285859012500002,1
gsv_1872.jpg,0.13211776499275,0.8678822262000001,1
gsv_1873.jpg,0.8226991327000002,0.1773008623294,0
gsv_1874.jpg,0.16857545712770003,0.8314245447,1
gsv_1875.jpg,0.6164483026750001,0.38355169642500003,0
gsv_1876.jpg,0.8757872198000001,0.12421275883537,0
gsv_1877.jpg,0.338011166282,0.6619888420500001,1
gsv_1878.jpg,0.9498376427000002,0.05016234831665,0
gsv_1879.jpg,0.11439563731499999,0.8856043550000001,1
gsv_188.jpg,0.28923884334697,0.71076116675,1
gsv_1880.jpg,0.9284597601500001,0.071540235943523,0
gsv_1881.jpg,0.3920630935400001,0.6079369246,1
gsv_1882.jpg,0.7820005608,0.21799943397115,0
gsv_1883.jpg,0.55596001128,0.44403999904999997,0
gsv_1884.jpg,0.2925302482923,0.70746972332,1
gsv_1885.jpg,0.9852948836,0.014705112362581737,0
gsv_1886.jpg,0.42454787289000007,0.575452141403,1
gsv_1887.jpg,0.247967783884,0.75203222015,1
gsv_1888.jpg,0.175751484809,0.8242485356,1
gsv_189.jpg,0.8867232205,0.11327677493000002,0
gsv_1890.jpg,0.9576557449499999,0.04234425111680001,0
gsv_1892.jpg,0.65136933077,0.348630666,0
gsv_1893.jpg,0.7263466571999999,0.2736533496679,0
gsv_1894.jpg,0.7916580644,0.2083419574807,0
gsv_1895.jpg,0.32067326777798005,0.6793267009349999,1
gsv_1897.jpg,0.9522461377000001,0.047753842619902835,0
gsv_1898.jpg,0.6935584021000001,0.30644159569810003,0
gsv_1899.jpg,0.8658235006,0.13417650539800002,0
gsv_19.jpg,0.030111948584,0.9698880609,1
gsv_190.jpg,0.17501311569,0.8249868976000001,1
gsv_1900.jpg,0.61006718125,0.38993281079,0
gsv_1901.jpg,0.7576484130000001,0.24235160248570004,0
gsv_1903.jpg,0.9559482299,0.0440517601325,0
gsv_1904.jpg,0.5533359740999999,0.44666401260000005,0
gsv_1905.jpg,0.9562761606500001,0.04372381546825,0
gsv_1906.jpg,0.42102744755000004,0.57897255998,1
gsv_1907.jpg,0.9770988304000001,0.022901177488059005,0
gsv_1908.jpg,0.38147572745,0.6185242742,1
gsv_1909.jpg,0.35024266437000007,0.6497573248,1
gsv_191.jpg,0.8460516390500001,0.15394835242750002,0
gsv_1910.jpg,0.9504707766,0.04952923566905,0
gsv_1911.jpg,0.8321539645,0.167846053905423,0
gsv_1912.jpg,0.9162862213999999,0.08371379125505002,0
gsv_1913.jpg,0.025134116119584705,0.9748658858500001,1
gsv_1914.jpg,0.96475434545,0.0352456148158725,0
gsv_1915.jpg,0.53564781219,0.464352196935,0
gsv_1916.jpg,0.8029800653000001,0.19701992551500006,0
gsv_1917.jpg,0.8955370410000001,0.10446297306075283,0
gsv_1918.jpg,0.08727970191864,0.9127202933,1
gsv_1919.jpg,0.7750176624,0.2249823374,0
gsv_192.jpg,0.6967529578,0.30324701594250003,0
gsv_1920.jpg,0.15061248215,0.8493875200000001,1
gsv_1921.jpg,0.9826649650500001,0.017335036371757002,0
gsv_1922.jpg,0.19750659703832998,0.8024933836999999,1
gsv_1923.jpg,0.35088644516,0.6491135355625001,1
gsv_1924.jpg,0.7897319309,0.21026809173500002,0
gsv_1925.jpg,0.5083121072500001,0.4916878826500001,0
gsv_1926.jpg,0.50601432339,0.4939856628,0
gsv_1928.jpg,0.9690566599499999,0.030943357522500006,0
gsv_1929.jpg,0.025518237265985,0.9744817677000002,1
gsv_193.jpg,0.768290071754,0.231709935423,0
gsv_1930.jpg,0.9748640230000001,0.025135955324570667,0
gsv_1931.jpg,0.8720814665500001,0.127918538535,0
gsv_1933.jpg,0.034959666624006826,0.9650402956000002,1
gsv_1934.jpg,0.38981681405,0.610183184,1
gsv_1935.jpg,0.2701120825,0.7298878895500001,1
gsv_1936.jpg,0.81919873633,0.18080127325670003,0
gsv_1937.jpg,0.3260039196,0.6739960903500001,1
gsv_1938.jpg,0.934899693,0.06510034671220001,0
gsv_1939.jpg,0.47659116779,0.5234088355325001,1
gsv_194.jpg,0.8589937031500001,0.14100632487200002,0
gsv_1940.jpg,0.267052481172,0.7329475154,1
gsv_1941.jpg,0.20439091783030003,0.7956090612,1
gsv_1942.jpg,0.5980214274500001,0.40197859064145003,0
gsv_1943.jpg,0.039233219294675,0.9607667784499999,1
gsv_1944.jpg,0.37031676184,0.62968325173,1
gsv_1945.jpg,0.8545453787000001,0.14545461231,0
gsv_1947.jpg,0.46328473976000006,0.53671524113,1
gsv_1948.jpg,0.89559345285,0.104406559273,0
gsv_1949.jpg,0.035334617787651255,0.9646653780000001,1
gsv_195.jpg,0.14243616320540003,0.85756384775,1
gsv_1950.jpg,0.9929539998000001,0.00704599662315757,0
gsv_1951.jpg,0.9947514712500001,0.005248491377772025,0
gsv_1952.jpg,0.8465450964000001,0.15345494298725,0
gsv_1953.jpg,0.6790899128500001,0.3209101315171,0
gsv_1954.jpg,0.5858232312000001,0.4141767920517,0
gsv_1955.jpg,0.9408070612000001,0.05919294267589701,0
gsv_1956.jpg,0.05922873008029911,0.94077126225,1
gsv_1957.jpg,0.82316503515,0.1768349560376076,0
gsv_1959.jpg,0.476892000683,0.5231079883325,1
gsv_196.jpg,0.018220145505700003,0.9817798409,1
gsv_1961.jpg,0.1202325411344,0.8797674413000001,1
gsv_1962.jpg,0.277169065432,0.7228309612,1
gsv_1963.jpg,0.08108731209700831,0.9189126768,1
gsv_1964.jpg,0.315587458681,0.6844125403500001,1
gsv_1965.jpg,0.7968156602,0.2031843426,0
gsv_1966.jpg,0.49023947865,0.5097605264,1
gsv_1967.jpg,0.43889949582,0.561100470225,1
gsv_1968.jpg,0.5987944382,0.401205553388,0
gsv_1969.jpg,0.7477258229,0.25227418687500003,0
gsv_197.jpg,0.09398943138860001,0.9060105788500001,1
gsv_1970.jpg,0.52396924187,0.4760307372000001,0
gsv_1971.jpg,0.041192603642478,0.9588073873,1
gsv_1972.jpg,0.025961240359620004,0.9740387628,1
gsv_1973.jpg,0.7070684943500001,0.29293149961700005,0
gsv_1974.jpg,0.0676250920031,0.9323748984000001,1
gsv_1975.jpg,0.44165696260425,0.5583430358000001,1
gsv_1976.jpg,0.273124741654,0.72687524645,1
gsv_1977.jpg,0.03392461401524,0.9660753881499999,1
gsv_1978.jpg,0.5231856778,0.4768143254500001,0
gsv_1979.jpg,0.8801169876000001,0.11988303469037499,0
gsv_198.jpg,0.9409654921,0.05903452798615001,0
gsv_1980.jpg,0.47916219526000003,0.52083780483,1
gsv_1981.jpg,0.0152300081481876,0.9847699936500001,1
gsv_1982.jpg,0.84347287725,0.156527075147,0
gsv_1983.jpg,0.43247008124999997,0.56752990966,1
gsv_1984.jpg,0.9399383782,0.06006162455070001,0
gsv_1985.jpg,0.1905044577795,0.8094955645,1
gsv_1986.jpg,0.6738146092600001,0.326185381796,0
gsv_1987.jpg,0.13510268894330002,0.8648972865,1
gsv_1988.jpg,0.312479124095,0.6875208736,1
gsv_1989.jpg,0.38565950716999997,0.6143405146500001,1
gsv_199.jpg,0.802674485,0.197325509,0
gsv_1990.jpg,0.6763044307999999,0.3236955712625,0
gsv_1991.jpg,0.47433266913100003,0.52566733741,1
gsv_1992.jpg,0.81021309165,0.1897869189455505,0
gsv_1993.jpg,0.19661919055825,0.8033808,1
gsv_1994.jpg,0.19432732967000005,0.8056726427,1
gsv_1995.jpg,0.9360196836000001,0.06398030424022,0
gsv_1996.jpg,0.7692142974,0.2307856960545,0
gsv_1997.jpg,0.8883972754,0.11160274364400001,0
gsv_1998.jpg,0.9938249342000001,0.006175083153299999,0
gsv_1999.jpg,0.6070502335818,0.39294977055,0
gsv_2.jpg,0.522662981225,0.47733702479600004,0
gsv_20.jpg,0.51913713135,0.4808628799,0
gsv_200.jpg,0.29790179549400003,0.7020981971,1
gsv_2000.jpg,0.039207392273694,0.9607926328,1
gsv_2001.jpg,0.6466589755900001,0.35334105439999997,0
gsv_2002.jpg,0.9583182734,0.04168173496861001,0
gsv_2003.jpg,0.9829685240000001,0.017031460885369266,0
gsv_2004.jpg,0.79935675685,0.20064323838120002,0
gsv_2005.jpg,0.37149720834500005,0.6285027726100001,1
gsv_2006.jpg,0.59274938175,0.40725058506699996,0
gsv_2007.jpg,0.25294985770565004,0.74705014914,1
gsv_2008.jpg,0.0539007539251,0.9460992582000001,1
gsv_2009.jpg,0.45267834404999996,0.5473216537250001,1
gsv_201.jpg,0.0338875885736775,0.966112383,1
gsv_2010.jpg,0.5076300304500001,0.49236993770000004,0
gsv_2011.jpg,0.12469480759,0.8753051837500001,1
gsv_2012.jpg,0.8441795750000001,0.155820424276085,0
gsv_2013.jpg,0.9508592764999999,0.0491407029030385,0
gsv_2014.jpg,0.12896892364270002,0.8710310838000002,1
gsv_2015.jpg,0.019053885342675502,0.9809461151000001,1
gsv_2016.jpg,0.9892851618,0.010714837450100925,0
gsv_2017.jpg,0.039165937999429065,0.9608340732,1
gsv_2018.jpg,0.5489670738867,0.45103293373,0
gsv_2019.jpg,0.310499736457,0.6895002532000001,1
gsv_202.jpg,0.9934360804000001,0.0065639152226925,0
gsv_2020.jpg,0.4888237486000001,0.5111762725000001,1
gsv_2021.jpg,0.2144591458314,0.7855408602000002,1
gsv_2022.jpg,0.77983178435,0.220168191883206,0
gsv_2023.jpg,0.15206490535,0.8479350894500001,1
gsv_2024.jpg,0.5645822435500001,0.43541778483640003,0
gsv_2025.jpg,0.03501782060867001,0.9649821455500001,1
gsv_2027.jpg,0.7060966630400001,0.29390331155000005,0
gsv_2028.jpg,0.98183353835,0.018166433907283806,0
gsv_2029.jpg,0.12424920524,0.87575078425,1
gsv_203.jpg,0.006555243792982751,0.9934447594000001,1
gsv_2030.jpg,0.9511561317000001,0.04884386841367205,0
gsv_2031.jpg,0.16051161584599002,0.8394883707000002,1
gsv_2032.jpg,0.8692917642,0.13070825353385,0
gsv_2033.jpg,0.7026634163500001,0.297336568587,0
gsv_2034.jpg,0.9990506800000001,0.00094934141854796,0
gsv_2035.jpg,0.5453341166500001,0.45466588556,0
gsv_2036.jpg,0.7561872603,0.24381271840799995,0
gsv_2037.jpg,0.055593186366994264,0.9444067865000001,1
gsv_2038.jpg,0.534238585754,0.46576144650999995,0
gsv_2039.jpg,0.8683825874000001,0.131617424048,0
gsv_204.jpg,0.9860918425,0.0139081782402197,0
gsv_2040.jpg,0.00756165879884247,0.99243836105,1
gsv_2041.jpg,0.4572306895950001,0.542769315395,1
gsv_2042.jpg,0.046776327548000006,0.9532236792,1
gsv_2043.jpg,0.03677357524680001,0.9632264242999999,1
gsv_2044.jpg,0.8361565316,0.1638434522553,0
gsv_2045.jpg,0.7366994333700001,0.26330060786,0
gsv_2046.jpg,0.1605574799528,0.8394425403000001,1
gsv_2047.jpg,0.9928460340499999,0.007153934942695001,0
gsv_2048.jpg,0.8842836716,0.11571629232500003,0
gsv_2049.jpg,0.853854484,0.14614549500345,0
gsv_205.jpg,0.19064179047955002,0.8093582071000001,1
gsv_2051.jpg,0.8229020399,0.17709796473800002,0
gsv_2053.jpg,0.9605084761,0.03949149083911001,0
gsv_2054.jpg,0.315025737873,0.6849742659,1
gsv_2055.jpg,0.5871235927066,0.41287639229399997,0
gsv_2056.jpg,0.028352647261750002,0.9716473305,1
gsv_2057.jpg,0.19147693991999998,0.80852308415,1
gsv_2058.jpg,0.11183943722300001,0.8881605701999999,1
gsv_2059.jpg,0.8616719071500001,0.13832809319625,0
gsv_206.jpg,0.47569558557,0.5243044048000001,1
gsv_2060.jpg,0.9637063859000001,0.036293598693489505,0
gsv_2061.jpg,0.12918193843498,0.8708180597,1
gsv_2062.jpg,0.08469547909276201,0.9153045005500001,1
gsv_2063.jpg,0.0192535326858544,0.9807464586000001,1
gsv_2064.jpg,0.9983502484,0.0016497330858270003,0
gsv_2065.jpg,0.6535281028000002,0.34647188963599995,0
gsv_2066.jpg,0.6676092877,0.3323907152100001,0
gsv_2067.jpg,0.8338160507000001,0.16618394445,0
gsv_2068.jpg,0.1692873616272,0.8307126318,1
gsv_2069.jpg,0.5184707690900001,0.48152922472000004,0
gsv_207.jpg,0.09763931179647317,0.9023606925000001,1
gsv_2070.jpg,0.8534739382000001,0.1465260324806631,0
gsv_2071.jpg,0.9894549875,0.01054500899087241,0
gsv_2072.jpg,0.9445890315000001,0.055410972611230055,0
gsv_2073.jpg,0.48261520602499997,0.5173847996500001,1
gsv_2074.jpg,0.42494469456000006,0.57505531979,1
gsv_2075.jpg,0.169858398479,0.8301416214499999,1
gsv_2076.jpg,0.26800746013000004,0.7319925381000001,1
gsv_2077.jpg,0.04195226887729156,0.95804773515,1
gsv_2078.jpg,0.9869149905000001,0.0130849999799475,0
gsv_2079.jpg,0.1255673041795,0.8744327162500001,1
gsv_208.jpg,0.7959183544999999,0.20408163456800002,0
gsv_2080.jpg,0.8215793503000001,0.17842062368650002,0
gsv_2081.jpg,0.9782186481999999,0.021781356552310005,0
gsv_2082.jpg,0.25183907538387507,0.7481608795,1
gsv_2083.jpg,0.265085252486,0.7349147844000001,1
gsv_2084.jpg,0.34655260060000004,0.65344736925,1
gsv_2085.jpg,0.256950363432,0.74304965365,1
gsv_2086.jpg,0.39100888658000005,0.60899110275,1
gsv_2087.jpg,0.17259624341,0.8274037804500001,1
gsv_2088.jpg,0.9126874752,0.08731252452913202,0
gsv_2089.jpg,0.90807110695,0.09192890971995313,0
gsv_209.jpg,0.45140412105000005,0.548595901645,1
gsv_2090.jpg,0.9638952559000002,0.0361047581410834,0
gsv_2091.jpg,0.06507695611240001,0.9349230460000001,1
gsv_2092.jpg,0.7939672391500001,0.20603277032500006,0
gsv_2093.jpg,0.551514592335,0.44848540734000003,0
gsv_2094.jpg,0.9494330092000001,0.05056696783384001,0
gsv_2095.jpg,0.8288468372500001,0.1711531818685,0
gsv_2096.jpg,0.9802788361999999,0.01972117583151,0
gsv_2097.jpg,0.7970289465,0.20297106174000001,0
gsv_2098.jpg,0.14442459874167,0.85557539525,1
gsv_2099.jpg,0.26519929145,0.7348007304500002,1
gsv_21.jpg,0.10237202515276003,0.8976279597,1
gsv_210.jpg,0.5224895538220001,0.47751040839500003,0
gsv_211.jpg,0.9876833013999999,0.012316694570636,0
gsv_212.jpg,0.9988386851000001,0.0011613088996185,0
gsv_213.jpg,0.47310813728300005,0.52689186715,1
gsv_214.jpg,0.5685770672499999,0.4314229302000001,0
gsv_215.jpg,0.9278662238500002,0.07213377523127001,0
gsv_216.jpg,0.9602874530000001,0.039712548345940006,0
gsv_217.jpg,0.0515740227839,0.94842600025,1
gsv_218.jpg,0.7472698694,0.252730122475,0
gsv_219.jpg,0.4040191186634,0.5959809023,1
gsv_22.jpg,0.20078934513255997,0.7992106772500001,1
gsv_220.jpg,0.11171596401737999,0.8882840057000001,1
gsv_221.jpg,0.5265849330500001,0.47341508940529997,0
gsv_222.jpg,0.33634892227600005,0.66365103825,1
gsv_223.jpg,0.6919383434000002,0.30806168642973,0
gsv_224.jpg,0.85675896152,0.14324101974720002,0
gsv_225.jpg,0.7206829911000001,0.27931701195,0
gsv_226.jpg,0.688623771043,0.31137620462500004,0
gsv_227.jpg,0.43147430047,0.56852571095,1
gsv_228.jpg,0.43568401847000005,0.5643159843000001,1
gsv_229.jpg,0.9884855830000001,0.0115144030398394,0
gsv_23.jpg,0.202355230347,0.7976447855500002,1
gsv_230.jpg,0.18543511630513002,0.8145648790000002,1
gsv_231.jpg,0.9949654435999999,0.005034557784546901,0
gsv_232.jpg,0.4540062489400001,0.54599374285,1
gsv_233.jpg,0.7807433760000001,0.21925660156750001,0
gsv_234.jpg,0.05789949394253,0.9421005038500001,1
gsv_235.jpg,0.9862980635,0.013701952087272502,0
gsv_236.jpg,0.1526538639,0.8473461510500001,1
gsv_238.jpg,0.0602502609783,0.93974972,1
gsv_239.jpg,0.3530037803750001,0.6469962199000001,1
gsv_24.jpg,0.9553447731500001,0.0446552079513,0
gsv_240.jpg,0.20927808035807,0.7907219274000001,1
gsv_241.jpg,0.7783934985000001,0.22160653621149998,0
gsv_242.jpg,0.2110156065177,0.7889844091,1
gsv_243.jpg,0.190982628349,0.8090173525500002,1
gsv_244.jpg,0.03876085053675,0.9612391520000001,1
gsv_245.jpg,0.39789999080000005,0.6021000015000001,1
gsv_246.jpg,0.27620773685,0.72379225005,1
gsv_247.jpg,0.3391053098878,0.6608947011,1
gsv_248.jpg,0.14876595476627505,0.85123405866,1
gsv_249.jpg,0.9748075131,0.0251924508325,0
gsv_25.jpg,0.8395433931,0.16045657923886963,0
gsv_250.jpg,0.5619737981499999,0.4380262071,0
gsv_251.jpg,0.16391702481125,0.8360829830000001,1
gsv_252.jpg,0.1761465396083,0.8238535246,1
gsv_253.jpg,0.636189295643,0.36381072635,0
gsv_254.jpg,0.042912352574887,0.9570876457999999,1
gsv_255.jpg,0.5240821436840001,0.47591786810000003,0
gsv_256.jpg,0.25547430924610004,0.744525691,1
gsv_257.jpg,0.8843621884,0.11563780448996575,0
gsv_258.jpg,0.9468204496,0.05317956179889,0
gsv_259.jpg,0.016637161074130002,0.9833628292500001,1
gsv_26.jpg,0.9912047907000001,0.008795234705628834,0
gsv_260.jpg,0.20010605153299998,0.7998939681499999,1
gsv_261.jpg,0.7668386797,0.233161304034,0
gsv_262.jpg,0.06957596621435,0.9304240148,1
gsv_263.jpg,0.30319945719,0.69680050555,1
gsv_264.jpg,0.08902500400261253,0.91097500625,1
gsv_265.jpg,0.711014227,0.28898577996999997,0
gsv_266.jpg,0.024736856962260002,0.9752631330000001,1
gsv_267.jpg,0.8959029482,0.10409705148715001,0
gsv_268.jpg,0.06695205815875,0.9330479970999999,1
gsv_269.jpg,0.9953769041000002,0.004623088276755068,0
gsv_27.jpg,0.25926018928,0.7407397899500001,1
gsv_270.jpg,0.61842584328,0.38157413857,0
gsv_271.jpg,0.248766124975,0.7512338703000001,1
gsv_272.jpg,0.89133266795,0.10866732145625001,0
gsv_273.jpg,0.183467349385,0.81653261065,1
gsv_274.jpg,0.0169797756587675,0.9830202429000001,1
gsv_275.jpg,0.41603736979500006,0.5839626336000001,1
gsv_276.jpg,0.10025555726,0.8997444455000001,1
gsv_277.jpg,0.34937509250000004,0.6506248804100001,1
gsv_278.jpg,0.6242767061000001,0.37572330123000003,0
gsv_279.jpg,0.86448629975,0.135513722036132,0
gsv_28.jpg,0.65657212344,0.3434278682900001,0
gsv_280.jpg,0.7956722728000001,0.2043277178275,0
gsv_281.jpg,0.2500532152606,0.74994681828,1
gsv_282.jpg,0.9960169077500001,0.003983091672751368,0
gsv_283.jpg,0.41492761870000006,0.5850723689,1
gsv_284.jpg,0.5531589716,0.446841057251,0
gsv_285.jpg,0.23066673815700006,0.76933325998774,1
gsv_286.jpg,0.6033909572300001,0.3966090357000001,0
gsv_287.jpg,0.193941226460006,0.8060587860000001,1
gsv_288.jpg,0.5085898214025,0.49141018222,0
gsv_289.jpg,0.6844044489000001,0.31559553878,0
gsv_29.jpg,0.9767519520000001,0.023248088292640003,0
gsv_290.jpg,0.8016329600500001,0.19836704420700005,0
gsv_291.jpg,0.2245551602795,0.7754448234000001,1
gsv_292.jpg,0.9496637554,0.05033623688431426,0
gsv_293.jpg,0.21485156228183,0.7851484534000002,1
gsv_294.jpg,0.08349748294936,0.9165025045000001,1
gsv_295.jpg,0.9992923239999999,0.000707644200318811,0
gsv_296.jpg,0.967070504,0.032929508253701,0
gsv_297.jpg,0.43886751175,0.5611324916,1
gsv_298.jpg,0.027872067071459998,0.97212793415,1
gsv_299.jpg,0.05008418354595054,0.9499158574000002,1
gsv_3.jpg,0.7243776314000001,0.27562233285000004,0
gsv_30.jpg,0.71075253125,0.2892474721545001,0
gsv_300.jpg,0.255182835515,0.7448171555,1
gsv_301.jpg,0.5715515023,0.42844848061500007,0
gsv_302.jpg,0.75770999905,0.24228995551950006,0
gsv_303.jpg,0.5384015860750001,0.46159841507000005,0
gsv_304.jpg,0.15383712984120002,0.8461628818500001,1
gsv_305.jpg,0.141682060257,0.8583179352500001,1
gsv_306.jpg,0.073485569423049,0.9265144203,1
gsv_307.jpg,0.1930704895075,0.80692952575,1
gsv_308.jpg,0.03554788323852501,0.96445211305,1
gsv_309.jpg,0.9839842095,0.01601578000849437,0
gsv_31.jpg,0.04396303616830301,0.9560369558000001,1
gsv_310.jpg,0.3271095102534,0.6728905134000001,1
gsv_311.jpg,0.8351864598000001,0.16481352114851852,0
gsv_312.jpg,0.090762509635,0.9092374885,1
gsv_313.jpg,0.021986815234116504,0.97801319235,1
gsv_314.jpg,0.06297276807936,0.9370272297,1
gsv_315.jpg,0.60385171952,0.39614829069999996,0
gsv_316.jpg,0.26635141025000003,0.7336485773,1
gsv_317.jpg,0.20528244578955004,0.7947175547,1
gsv_318.jpg,0.9347978640500001,0.06520212332770102,0
gsv_319.jpg,0.83606743295,0.163932542657,0
gsv_32.jpg,0.59782279585,0.402177178637,0
gsv_320.jpg,0.690267159364,0.30973285466800005,0
gsv_321.jpg,0.7853575865500001,0.214642413183,0
gsv_322.jpg,0.42075353329,0.57924649925,1
gsv_323.jpg,0.850908974,0.14909102830764004,0
gsv_324.jpg,0.6727573580018,0.3272426575550001,0
gsv_325.jpg,0.89942302045,0.10057698300175001,0
gsv_326.jpg,0.72297531065,0.27702467193,0
gsv_327.jpg,0.7434595114500001,0.2565404801875958,0
gsv_328.jpg,0.1505608702421788,0.8494391075500001,1
gsv_329.jpg,0.45582758896700004,0.54417241235,1
gsv_33.jpg,0.24066733865,0.7593326265,1
gsv_330.jpg,0.18520005084395003,0.81479992935,1
gsv_331.jpg,0.63623412695,0.3637658356150001,0
gsv_332.jpg,0.040917975002775005,0.9590820179500001,1
gsv_333.jpg,0.026470219203140008,0.9735297963,1
gsv_335.jpg,0.6393464787,0.3606535169,0
gsv_336.jpg,0.3905862849850001,0.60941372187,1
gsv_337.jpg,0.5807213026,0.4192786881,0
gsv_338.jpg,0.422081520479,0.5779185173500001,1
gsv_339.jpg,0.30972386102500005,0.6902761324,1
gsv_34.jpg,0.7273826835000001,0.272617316719,0
gsv_340.jpg,0.779403501,0.22059648429349998,0
gsv_341.jpg,0.70791310415,0.29208688170700003,0
gsv_342.jpg,0.021261478901392003,0.9787385364000001,1
gsv_343.jpg,0.26687963379,0.7331203545999999,1
gsv_344.jpg,0.63491195595,0.36508803534,0
gsv_345.jpg,0.350449890248845,0.6495501159,1
gsv_346.jpg,0.17560789246900005,0.82439210175,1
gsv_347.jpg,0.03670039879149,0.9632995989000002,1
gsv_348.jpg,0.008624158955909782,0.9913758225,1
gsv_349.jpg,0.3266177485965,0.6733822634000001,1
gsv_35.jpg,0.47238836300000003,0.5276116562,1
gsv_350.jpg,0.20857997611435003,0.7914200283,1
gsv_351.jpg,0.7640026072530002,0.23599737113750002,0
gsv_352.jpg,0.9510061440500001,0.048993859885499993,0
gsv_353.jpg,0.25934512972400003,0.7406548843,1
gsv_354.jpg,0.8125209652500001,0.18747904745779803,0
gsv_355.jpg,0.5144369681637,0.485563031,0
gsv_356.jpg,0.242451704218,0.757548259,1
gsv_357.jpg,0.9756118972500001,0.0243881184524585,0
gsv_358.jpg,0.95464182065,0.045358164985000005,0
gsv_359.jpg,0.9725043985000001,0.02749557438651395,0
gsv_36.jpg,0.40045535674,0.59954465405,1
gsv_360.jpg,0.08498065795025,0.9150193579500001,1
gsv_361.jpg,0.12446491081830001,0.8755350833000002,1
gsv_362.jpg,0.15087324883525002,0.8491267445,1
gsv_363.jpg,0.9053645864000002,0.094635415589,0
gsv_364.jpg,0.5921430058300001,0.407857016045,0
gsv_365.jpg,0.77376703889,0.226232951809,0
gsv_366.jpg,0.0458881269896096,0.95411188535,1
gsv_367.jpg,0.9322555121,0.06774449188204999,0
gsv_368.jpg,0.9016580409000001,0.09834195604210001,0
gsv_369.jpg,0.06245352305639999,0.93754648575,1
gsv_37.jpg,0.19645594689,0.8035440331,1
gsv_370.jpg,0.7213007221000001,0.278699278482,0
gsv_371.jpg,0.5343792047,0.46562079742000007,0
gsv_372.jpg,0.10405506980250002,0.8959449413,1
gsv_373.jpg,0.54203346319,0.4579665271250001,0
gsv_374.jpg,0.9236231367000001,0.07637684672850001,0
gsv_375.jpg,0.9419528502500001,0.0580471438625,0
gsv_376.jpg,0.1260710930608275,0.8739288885000001,1
gsv_377.jpg,0.7943109541,0.20568905184500003,0
gsv_378.jpg,0.35869225477000005,0.641307759,1
gsv_379.jpg,0.5689747859000001,0.4310252123,0
gsv_38.jpg,0.9204778065000001,0.0795222102721996,0
gsv_380.jpg,0.97703999845,0.0229600104389,0
gsv_381.jpg,0.26511202566725,0.73488796185,1
gsv_382.jpg,0.29713206206459997,0.7028679433,1
gsv_383.jpg,0.8814863784,0.11851361778749998,0
gsv_384.jpg,0.0157953711437325,0.9842046341,1
gsv_385.jpg,0.9152084620000001,0.084791539902,0
gsv_386.jpg,0.41285713664,0.587142866175,1
gsv_387.jpg,0.9389429962000001,0.06105698326504953,0
gsv_388.jpg,0.341078506105,0.6589215041,1
gsv_389.jpg,0.9097543485000001,0.09024569312680701,0
gsv_39.jpg,0.24235364130000003,0.7576463848500001,1
gsv_390.jpg,0.8248216166,0.175178360166025,0
gsv_391.jpg,0.9908328421500001,0.00916714454310043,0
gsv_392.jpg,0.62334584494,0.37665418507903003,0
gsv_393.jpg,0.24539605467600006,0.7546039408,1
gsv_394.jpg,0.8020151578000001,0.197984851215,0
gsv_395.jpg,0.74351897055,0.2564810366066,0
gsv_396.jpg,0.1502987577677,0.8497012075500001,1
gsv_397.jpg,0.19857711759818,0.80142288475,1
gsv_398.jpg,0.6090042449699999,0.39099576227999994,0
gsv_399.jpg,0.23334209639999998,0.766657894,1
gsv_4.jpg,0.5392420299,0.46075800631249997,0
gsv_40.jpg,0.025625200236912,0.9743747730000001,1
gsv_400.jpg,0.7890026970000001,0.2109973142108,0
gsv_401.jpg,0.8387545329999999,0.16124548119800003,0
gsv_402.jpg,0.42949768969,0.5705023147,1
gsv_403.jpg,0.5335174594700001,0.4664825155499999,0
gsv_404.jpg,0.6247950413500001,0.3752049948275001,0
gsv_405.jpg,0.9313447162999999,0.06865530633460001,0
gsv_406.jpg,0.9808710279000001,0.019128991991526,0
gsv_408.jpg,0.37351977820000004,0.6264802312387001,1
gsv_409.jpg,0.25068107768000003,0.7493189280000001,1
gsv_41.jpg,0.498556892831,0.5014430592402501,1
gsv_410.jpg,0.03363477388897898,0.9663652241,1
gsv_411.jpg,0.87459457465,0.125405430722795,0
gsv_412.jpg,0.9966802519500001,0.0033197425864970004,0
gsv_413.jpg,0.15426780073600002,0.8457322191000001,1
gsv_414.jpg,0.9801568230000001,0.019843181288015255,0
gsv_415.jpg,0.72450830668,0.27549169165000004,0
gsv_416.jpg,0.9792064312500001,0.020793585415897674,0
gsv_417.jpg,0.7453821625,0.25461783366199997,0
gsv_418.jpg,0.188114624995,0.811885355,1
gsv_419.jpg,0.067612644181022,0.9323873454000001,1
gsv_42.jpg,0.21247621842430753,0.7875237691199999,1
gsv_420.jpg,0.4620841286,0.5379158804999999,1
gsv_421.jpg,0.70949274105,0.29050725592365007,0
gsv_424.jpg,0.281773582029,0.7182264362499999,1
gsv_425.jpg,0.11241431343,0.88758571455,1
gsv_426.jpg,0.5864431247,0.41355685492500005,0
gsv_427.jpg,0.7080743239,0.29192567464,0
gsv_428.jpg,0.63667049585,0.36332951181499995,0
gsv_429.jpg,0.49884851677000003,0.5011514905750001,1
gsv_43.jpg,0.17813252628559004,0.82186748685,1
gsv_430.jpg,0.9546276029,0.0453723893035,0
gsv_431.jpg,0.1978590913855,0.8021408942000001,1
gsv_432.jpg,0.49432653662000003,0.5056734438,1
gsv_433.jpg,0.9431111996,0.056888806071675006,0
gsv_434.jpg,0.81173159875,0.188268402677,0
gsv_435.jpg,0.28418273025,0.71581728325,1
gsv_436.jpg,0.9179771971499999,0.08202282011155,0
gsv_437.jpg,0.7783444614000001,0.221655557335,0
gsv_438.jpg,0.02177975799325,0.9782202551000001,1
gsv_439.jpg,0.330773148017,0.66922686058,1
gsv_44.jpg,0.32366407864200003,0.67633590514425,1
gsv_440.jpg,0.5581922656,0.4418077267,0
gsv_441.jpg,0.24109573519799998,0.7589043052000002,1
gsv_442.jpg,0.29860614613842,0.7013938485,1
gsv_443.jpg,0.0457531984215,0.9542468359,1
gsv_444.jpg,0.9651177360000001,0.03488224541869999,0
gsv_445.jpg,0.217978011913,0.78202196275,1
gsv_446.jpg,0.6508787958,0.34912121749174996,0
gsv_447.jpg,0.7140300716,0.28596992750800004,0
gsv_448.jpg,0.6832724403,0.31672759124,0
gsv_449.jpg,0.68736577835,0.3126342311987,0
gsv_45.jpg,0.6053032271800001,0.3946967699800001,0
gsv_450.jpg,0.12802423655931003,0.871975795,1
gsv_451.jpg,0.8329020964000001,0.16709788772170003,0
gsv_452.jpg,0.8801268818500001,0.1198731294182,0
gsv_453.jpg,0.52290864804,0.47709136309,0
gsv_454.jpg,0.8978656855,0.10213431292460001,0
gsv_455.jpg,0.62201684973,0.37798315420000006,0
gsv_456.jpg,0.23983674170150002,0.7601632703000001,1
gsv_457.jpg,0.96295862045,0.037041401938000006,0
gsv_458.jpg,0.8207543152500001,0.1792456648525,0
gsv_459.jpg,0.8436233584999999,0.156376638264,0
gsv_46.jpg,0.18040925122,0.81959075105,1
gsv_460.jpg,0.3090185224916,0.6909814644000001,1
gsv_461.jpg,0.86935874745,0.1306412335511,0
gsv_463.jpg,0.9184555661,0.08154444804050001,0
gsv_464.jpg,0.6584323023359999,0.3415676789146875,0
gsv_465.jpg,0.87381363575,0.12618636047000004,0
gsv_466.jpg,0.26679087576009997,0.73320913225,1
gsv_467.jpg,0.8774942526000001,0.12250575471970002,0
gsv_468.jpg,0.9205507305,0.07944928381842427,0
gsv_469.jpg,0.9051081582,0.09489183869075501,0
gsv_47.jpg,0.7128279116,0.28717205328575,0
gsv_470.jpg,0.91165840615,0.08834158238038001,0
gsv_471.jpg,0.21569731080860005,0.78430269715,1
gsv_472.jpg,0.9580932280000001,0.041906771514120006,0
gsv_473.jpg,0.4372634455500001,0.56273656732,1
gsv_474.jpg,0.1829611413951,0.8170388662,1
gsv_475.jpg,0.43659093102425,0.563409066907,1
gsv_476.jpg,0.8870477160000001,0.112952253268185,0
gsv_477.jpg,0.34767772318,0.6523222763550001,1
gsv_478.jpg,0.588228184742,0.41177181867,0
gsv_479.jpg,0.6553159552500001,0.344684046015,0
gsv_48.jpg,0.1853826290245,0.8146173752999999,1
gsv_480.jpg,0.9186802948000001,0.08131973846616553,0
gsv_481.jpg,0.7237585116,0.27624150130600006,0
gsv_482.jpg,0.15279167067993002,0.8472083641500001,1
gsv_483.jpg,0.8903459381500001,0.1096540491695,0
gsv_484.jpg,0.55252183137,0.44747814048750006,0
gsv_485.jpg,0.613728595886,0.38627139485035,0
gsv_486.jpg,0.9703393915,0.029660588547075,0
gsv_487.jpg,0.015327097412165995,0.9846728869000001,1
gsv_488.jpg,0.011026884522579999,0.9889731124000001,1
gsv_49.jpg,0.65232888145,0.3476711344000001,0
gsv_490.jpg,0.8589101007,0.14108989804497998,0
gsv_491.jpg,0.017755340688952997,0.9822446573500001,1
gsv_492.jpg,0.026587128207261997,0.9734128181,1
gsv_493.jpg,0.32759072607500006,0.6724092637300001,1
gsv_494.jpg,0.27565574527000003,0.7243442549000001,1
gsv_495.jpg,0.9056823876500001,0.0943176054168,0
gsv_496.jpg,0.36470628688500006,0.63529371675,1
gsv_497.jpg,0.22455443611860001,0.7754455590000001,1
gsv_498.jpg,0.319977019103,0.680022977,1
gsv_499.jpg,0.43537133750900003,0.5646286682,1
gsv_5.jpg,0.9489318696000001,0.0510681103795,0
gsv_50.jpg,0.6520819628000001,0.34791805923,0
gsv_500.jpg,0.9286633918,0.07133665175545001,0
gsv_501.jpg,0.89356550515,0.10643447125762202,0
gsv_502.jpg,0.6364159645,0.36358403780299997,0
gsv_503.jpg,0.5059178219,0.49408216145000006,0
gsv_504.jpg,0.2808048078582,0.71919519312,1
gsv_505.jpg,0.332722146644,0.66727786145,1
gsv_506.jpg,0.08318834967687,0.9168116745500001,1
gsv_507.jpg,0.14138515564800003,0.8586148533,1
gsv_508.jpg,0.43814892548400003,0.5618510785499999,1
gsv_509.jpg,0.87835845705,0.12164153525350666,0
gsv_51.jpg,0.11247371553892502,0.88752628085,1
gsv_510.jpg,0.018793536042965,0.9812064626000001,1
gsv_511.jpg,0.7337763082,0.266223658525,0
gsv_512.jpg,0.38222307935,0.61777689471,1
gsv_513.jpg,0.60532696215,0.39467305637500005,0
gsv_514.jpg,0.3695424110319,0.6304575675400002,1
gsv_515.jpg,0.9912777557,0.008722226785300002,0
gsv_516.jpg,0.9707219546500001,0.029278058009009497,0
gsv_517.jpg,0.9510908250500001,0.04890916295375,0
gsv_518.jpg,0.51746201206,0.48253796932000004,0
gsv_519.jpg,0.64381904985,0.35618096002038996,0
gsv_520.jpg,0.73820292454,0.26179706814250003,0
gsv_521.jpg,0.8838881074,0.11611188592575002,0
gsv_522.jpg,0.9201578732,0.07984212545287529,0
gsv_523.jpg,0.19829721518360002,0.80170276492,1
gsv_524.jpg,0.9376782149,0.0623218160166675,0
gsv_525.jpg,0.2100988382370525,0.78990116595,1
gsv_526.jpg,0.17894557807072498,0.8210544039500001,1
gsv_527.jpg,0.7441411533,0.25585887431000004,0
gsv_528.jpg,0.2769987846895,0.7230012047250001,1
gsv_529.jpg,0.9871331281,0.012866855068473645,0
gsv_53.jpg,0.8643070386,0.135692960448486,0
gsv_530.jpg,0.58117418845,0.41882579487000005,0
gsv_531.jpg,0.97782732215,0.022172673237224976,0
gsv_532.jpg,0.09854561267059112,0.9014543944000001,1
gsv_533.jpg,0.09151426468214352,0.908485741,1
gsv_534.jpg,0.018204701058683003,0.9817952949,1
gsv_535.jpg,0.31807938537,0.68192060715,1
gsv_536.jpg,0.13747681740800002,0.8625231773500001,1
gsv_537.jpg,0.5539484173,0.446051580296,0
gsv_538.jpg,0.43495365247000006,0.5650463557750001,1
gsv_539.jpg,0.20655518133935002,0.7934448494,1
gsv_54.jpg,0.028863412947304004,0.9711366116,1
gsv_540.jpg,0.24274484689499998,0.7572551261,1
gsv_541.jpg,0.017955586858375002,0.9820443996000001,1
gsv_542.jpg,0.71406327375,0.2859367576125001,0
gsv_543.jpg,0.97529108265,0.02470891942492679,0
gsv_544.jpg,0.30260726123000004,0.6973927713000001,1
gsv_545.jpg,0.8793851897000001,0.12061480512950003,0
gsv_546.jpg,0.27425681663,0.7257431757499999,1
gsv_547.jpg,0.29012802927000003,0.70987198095,1
gsv_548.jpg,0.46490180948,0.53509818092,1
gsv_549.jpg,0.41787813398000007,0.58212189125,1
gsv_55.jpg,0.6204179757725,0.379582020325,0
gsv_550.jpg,0.84171680485,0.158283209933225,0
gsv_551.jpg,0.042600110408495005,0.9573998832500001,1
gsv_552.jpg,0.050185826995690304,0.94981414575,1
gsv_553.jpg,0.6876331584000002,0.31236683929,0
gsv_554.jpg,0.81049951955,0.18950045582500002,0
gsv_555.jpg,0.84807373975,0.1519262788674,0
gsv_556.jpg,0.33291373584000006,0.6670862640499999,1
gsv_557.jpg,0.343616772334,0.6563832332500001,1
gsv_558.jpg,0.045042542740875,0.9549574485000001,1
gsv_559.jpg,0.35387452349000004,0.6461254802,1
gsv_56.jpg,0.5263848573,0.47361514495,0
gsv_560.jpg,0.3415823565,0.6584176272,1
gsv_561.jpg,0.77229029935,0.22770970852249997,0
gsv_562.jpg,0.9193433279500001,0.08065667761675001,0
gsv_563.jpg,0.9683580666000001,0.031641955411553,0
gsv_564.jpg,0.418052903638,0.5819471062500001,1
gsv_565.jpg,0.21759335285950201,0.7824066641,1
gsv_566.jpg,0.9458788677000001,0.05412111164775501,0
gsv_568.jpg,0.07637459130600001,0.9236254168,1
gsv_569.jpg,0.7791588519500001,0.22084114456750004,0
gsv_57.jpg,0.6150512007,0.38494878924925,0
gsv_570.jpg,0.013048395265439746,0.9869516033999999,1
gsv_571.jpg,0.11170951459925002,0.8882905080000001,1
gsv_572.jpg,0.116623394367,0.8833765864,1
gsv_573.jpg,0.11339181299517,0.88660818495,1
gsv_574.jpg,0.022192401018487004,0.9778076018999999,1
gsv_575.jpg,0.6668848577,0.3331151784853,0
gsv_576.jpg,0.34928449030125003,0.650715523675,1
gsv_577.jpg,0.9965650185000001,0.0034349606426283827,0
gsv_578.jpg,0.9856777513,0.014322238754500002,0
gsv_579.jpg,0.209893846283905,0.79010617455,1
gsv_58.jpg,0.395982034773,0.60401798015,1
gsv_580.jpg,0.1040638210935,0.8959361799000001,1
gsv_581.jpg,0.0810416023549694,0.9189583882500001,1
gsv_582.jpg,0.065894191076207,0.9341058160000001,1
gsv_583.jpg,0.43977759744980005,0.5602223782100001,1
gsv_584.jpg,0.16944518477325002,0.8305547945,1
gsv_585.jpg,0.9989009135,0.0010990787487515027,0
gsv_586.jpg,0.8615573743,0.1384425999572535,0
gsv_587.jpg,0.1406322818891,0.85936774025,1
gsv_588.jpg,0.274900989162,0.7250989924000001,1
gsv_589.jpg,0.9048938419,0.09510617714691999,0
gsv_59.jpg,0.03622954934603,0.9637704489000001,1
gsv_590.jpg,0.41107968212,0.58892033775,1
gsv_591.jpg,0.44381161188,0.5561883906810001,1
gsv_592.jpg,0.232949501803,0.76705050215,1
gsv_593.jpg,0.13763444571000003,0.8623655945,1
gsv_594.jpg,0.211322135681,0.7886778278,1
gsv_595.jpg,0.09288041268706107,0.9071195702000001,1
gsv_596.jpg,0.44130290083,0.55869710397,1
gsv_597.jpg,0.38577300041562,0.6142270066500001,1
gsv_598.jpg,0.4819053728824,0.51809464495,1
gsv_6.jpg,0.63287488385,0.36712511981600005,0
gsv_60.jpg,0.2585184427206,0.7414815604,1
gsv_600.jpg,0.008192856884385001,0.9918071660000001,1
gsv_601.jpg,0.021667645993899802,0.9783323660000001,1
gsv_602.jpg,0.67044836759,0.32955160794000005,0
gsv_603.jpg,0.022063377699977384,0.97793662635,1
gsv_604.jpg,0.443103598679,0.556896379498,1
gsv_605.jpg,0.9501623539,0.049837623837377505,0
gsv_606.jpg,0.7311485181,0.26885148978,0
gsv_607.jpg,0.025526265872778956,0.9744737405000001,1
gsv_608.jpg,0.9301868070000001,0.06981318825183501,0
gsv_609.jpg,0.340883585228,0.6591164053,1
gsv_61.jpg,0.9889602078499999,0.01103978082557075,0
gsv_610.jpg,0.108312205262,0.8916877971500001,1
gsv_611.jpg,0.4656064659511,0.5343935456000001,1
gsv_612.jpg,0.3048270833198,0.69517291285,1
gsv_613.jpg,0.82708990275,0.17291009150000003,0
gsv_614.jpg,0.1279187620807,0.8720812528999999,1
gsv_615.jpg,0.9239114802500001,0.07608853270719002,0
gsv_616.jpg,0.434058376073,0.5659416131,1
gsv_617.jpg,0.05277808216750276,0.9472218811,1
gsv_618.jpg,0.85348249285,0.146517516337,0
gsv_619.jpg,0.023868522877375006,0.9761314789,1
gsv_62.jpg,0.9994362588500001,0.0005637418662573,0
gsv_620.jpg,0.14843170039280001,0.8515683086000001,1
gsv_621.jpg,0.50120559976,0.4987944073,0
gsv_622.jpg,0.994421252,0.005578735239045601,0
gsv_623.jpg,0.62195677819,0.37804324457499994,0
gsv_624.jpg,0.33781628243000006,0.6621837088,1
gsv_626.jpg,0.93602421235,0.06397579782238619,0
gsv_627.jpg,0.053449310315720006,0.9465507033000001,1
gsv_629.jpg,0.260665205433,0.7393347634,1
gsv_63.jpg,0.9768439039,0.0231561101716085,0
gsv_630.jpg,0.9993161201000001,0.0006838833087177501,0
gsv_631.jpg,0.8874826,0.1125174061422,0
gsv_632.jpg,0.9607020821000001,0.039297949305067505,0
gsv_633.jpg,0.48376442565000005,0.5162355746482,1
gsv_634.jpg,0.5545943069000001,0.4454057094904,0
gsv_635.jpg,0.15932054572760002,0.8406794546499999,1
gsv_636.jpg,0.7986285942,0.20137141383150003,0
gsv_637.jpg,0.8700653621000001,0.12993464987,0
gsv_638.jpg,0.94202979425,0.057970225621757146,0
gsv_639.jpg,0.54555250585,0.4544474917500001,0
gsv_640.jpg,0.9079515977500001,0.09204840344595001,0
gsv_641.jpg,0.02573898530453,0.9742610152,1
gsv_642.jpg,0.89527452725,0.10472546973923777,0
gsv_643.jpg,0.9750482767500002,0.024951720664524998,0
gsv_644.jpg,0.323995311858,0.6760046928500001,1
gsv_645.jpg,0.8641842721999999,0.13581572687138063,0
gsv_646.jpg,0.8496286620000001,0.150371324805,0
gsv_647.jpg,0.9777707473499999,0.022229255778450002,0
gsv_648.jpg,0.92587158375,0.074128409950416,0
gsv_649.jpg,0.94194282335,0.0580571916776,0
gsv_65.jpg,0.51018398835,0.489816026064,0
gsv_650.jpg,0.56002360707,0.43997636824238995,0
gsv_651.jpg,0.7416754005,0.25832460521784906,0
gsv_652.jpg,0.7484611004000001,0.2515388801836,0
gsv_653.jpg,0.9116572141000001,0.08834282546800001,0
gsv_654.jpg,0.8018766643999999,0.198123370997,0
gsv_655.jpg,0.36553293760999994,0.63446708915,1
gsv_656.jpg,0.4173340058500001,0.5826659890700001,1
gsv_657.jpg,0.46296955765000003,0.5370304550325,1
gsv_658.jpg,0.9850870388000001,0.014912973662394784,0
gsv_659.jpg,0.4389250764,0.5610749328400001,1
gsv_66.jpg,0.72706280776,0.27293719791000004,0
gsv_660.jpg,0.20002695569800003,0.7999730143500001,1
gsv_661.jpg,0.0338288283539,0.9661711817499999,1
gsv_662.jpg,0.547592864051,0.45240712010000006,0
gsv_663.jpg,0.59663198294,0.40336802304999997,0
gsv_664.jpg,0.18604563543865402,0.8139544119000002,1
gsv_665.jpg,0.378782236718,0.6212177610480001,1
gsv_666.jpg,0.388936651424,0.61106337822,1
gsv_667.jpg,0.02324193863281537,0.976758064,1
gsv_668.jpg,0.8780881833,0.1219118113522,0
gsv_669.jpg,0.45978570085000003,0.5402143025499999,1
gsv_67.jpg,0.131159073287,0.8688409226,1
gsv_670.jpg,0.012765674771271,0.9872343165,1
gsv_671.jpg,0.39058843930000003,0.6094115485000001,1
gsv_672.jpg,0.060661640244060004,0.93933839725,1
gsv_673.jpg,0.41785680582682,0.5821431694000001,1
gsv_674.jpg,0.60588249739,0.39411752289,0
gsv_675.jpg,0.7268972332,0.27310276623175,0
gsv_676.jpg,0.562716987425,0.43728299202661,0
gsv_677.jpg,0.9663656740000002,0.03363430264796578,0
gsv_678.jpg,0.1724155210496,0.8275844838,1
gsv_679.jpg,0.04089915460977703,0.9591008389000001,1
gsv_68.jpg,0.9946589277500002,0.005341050150809056,0
gsv_680.jpg,0.23089340590666002,0.7691065851500001,1
gsv_681.jpg,0.1524351269368,0.8475648784,1
gsv_682.jpg,0.15990085956278,0.8400991199000001,1
gsv_684.jpg,0.22424954859450003,0.7757504466,1
gsv_685.jpg,0.9246086969,0.07539129817369351,0
gsv_686.jpg,0.5645304575500001,0.43546954705000007,0
gsv_687.jpg,0.029436606292750002,0.9705633964,1
gsv_689.jpg,0.034888888531020006,0.9651111007500002,1
gsv_69.jpg,0.2354969710041,0.7645030079999999,1
gsv_690.jpg,0.9948244353000001,0.00517556247315675,0
gsv_691.jpg,0.7241790122,0.275820989625,0
gsv_692.jpg,0.7246729190000001,0.275327073975,0
gsv_693.jpg,0.9713881159500002,0.028611909280527502,0
gsv_694.jpg,0.183686673151,0.8163133232,1
gsv_695.jpg,0.98873480805,0.011265177182200001,0
gsv_696.jpg,0.18214149226893003,0.8178585107,1
gsv_697.jpg,0.05845346198019091,0.9415465154,1
gsv_698.jpg,0.8934101702999999,0.1065898274856628,0
gsv_699.jpg,0.12110304184867501,0.8788969636000001,1
gsv_7.jpg,0.6502624651000001,0.3497375321070535,0
gsv_70.jpg,0.3260884978288,0.67391148075,1
gsv_700.jpg,0.011141721447077502,0.98885828345,1
gsv_701.jpg,0.8919712519,0.10802878034966772,0
gsv_702.jpg,0.6630486635,0.33695133805000005,0
gsv_703.jpg,0.9672814121500001,0.03271859253155101,0
gsv_704.jpg,0.6895203938000001,0.31047962309000005,0
gsv_705.jpg,0.8698346951000001,0.13016529801,0
gsv_706.jpg,0.9602161633999999,0.03978383108766351,0
gsv_707.jpg,0.119181698846913,0.8808183269,1
gsv_708.jpg,0.72183420845,0.27816576571750007,0
gsv_709.jpg,0.9126456028000001,0.08735439944427212,0
gsv_71.jpg,0.6211695391000001,0.37883047894000005,0
gsv_710.jpg,0.9016126902500001,0.09838729119651,0
gsv_711.jpg,0.9699238369,0.030076161544422997,0
gsv_712.jpg,0.7355750497,0.264424947938625,0
gsv_713.jpg,0.594259553428,0.4057404254675,0
gsv_714.jpg,0.0514657476192,0.9485342646499999,1
gsv_715.jpg,0.43303827615,0.5669616946,1
gsv_716.jpg,0.8671470160000001,0.1328529849532088,0
gsv_717.jpg,0.9920654068500001,0.0079345873497182,0
gsv_718.jpg,0.7801740131470001,0.21982598249800006,0
gsv_719.jpg,0.291749496937693,0.708250491875,1
gsv_72.jpg,0.13643580714856252,0.8635641490500001,1
gsv_720.jpg,0.2863513361322,0.7136486762,1
gsv_721.jpg,0.4494074747850001,0.55059248235,1
gsv_722.jpg,0.20315321473500003,0.7968467634,1
gsv_723.jpg,0.9941908743000001,0.005809134407263,0
gsv_724.jpg,0.27953583816030003,0.7204641810500001,1
gsv_725.jpg,0.05567804924177001,0.9443219307999999,1
gsv_726.jpg,0.9777270346,0.02227293725309477,0
gsv_727.jpg,0.75912281245,0.24087719686250003,0
gsv_728.jpg,0.021869560792537192,0.9781304297000002,1
gsv_73.jpg,0.56449225048,0.43550774519,0
gsv_730.jpg,0.8626918466000001,0.13730811943750001,0
gsv_731.jpg,0.9777660726999999,0.022233925433744202,0
gsv_732.jpg,0.3987974967000001,0.60120249018,1
gsv_733.jpg,0.95920781425,0.04079220583,0
gsv_734.jpg,0.31541053899000004,0.6845894312,1
gsv_735.jpg,0.7518574499300001,0.24814255560999998,0
gsv_736.jpg,0.8878973485,0.11210264520245002,0
gsv_737.jpg,0.37687506150000005,0.62312494955,1
gsv_738.jpg,0.50446001725,0.495539985,0
gsv_739.jpg,0.17798975310237894,0.8220102361000001,1
gsv_740.jpg,0.5537635426,0.44623644473300006,0
gsv_741.jpg,0.05465184802142001,0.94534816035,1
gsv_742.jpg,0.8322918922,0.16770815036,0
gsv_743.jpg,0.28814684758500003,0.7118531373,1
gsv_744.jpg,0.04228043952279381,0.9577195502500002,1
gsv_745.jpg,0.60649064635,0.39350934063500004,0
gsv_746.jpg,0.5345574114,0.46544259261300003,0
gsv_747.jpg,0.8837500809999999,0.116249948645,0
gsv_748.jpg,0.8659793696,0.13402066264060003,0
gsv_749.jpg,0.284780765923,0.715219227025,1
gsv_75.jpg,0.015593018600738275,0.9844069851500001,1
gsv_750.jpg,0.040382567035260004,0.95961743485,1
gsv_751.jpg,0.23710774182750002,0.76289226575,1
gsv_752.jpg,0.7057532939500001,0.294246714595,0
gsv_753.jpg,0.08400267890456001,0.9159973010000002,1
gsv_754.jpg,0.6053677365,0.39463224355000004,0
gsv_755.jpg,0.46771665419999997,0.53228335342,1
gsv_756.jpg,0.9487264026,0.051273633661374995,0
gsv_757.jpg,0.46427019785,0.53572978115,1
gsv_758.jpg,0.36733914802,0.6326608598100001,1
gsv_759.jpg,0.5048090044335001,0.4951910086875001,0
gsv_76.jpg,0.33607269216900004,0.6639273354,1
gsv_760.jpg,0.05034422301905,0.949655752,1
gsv_761.jpg,0.1007523627985,0.89924762125,1
gsv_762.jpg,0.28834331087500004,0.71165670385,1
gsv_763.jpg,0.8627747105000001,0.1372252916604,0
gsv_764.jpg,0.085587172897,0.9144128096,1
gsv_765.jpg,0.0685141693323,0.9314858613000001,1
gsv_766.jpg,0.51472307375,0.485276928,0
gsv_767.jpg,0.140046061928231,0.85995391775,1
gsv_768.jpg,0.9354750378,0.06452494896244901,0
gsv_769.jpg,0.69974174659,0.30025826585760007,0
gsv_77.jpg,0.72695932423,0.27304069912560003,0
gsv_770.jpg,0.63090378963,0.3690962316779,0
gsv_771.jpg,0.53056627271,0.4694337146845,0
gsv_772.jpg,0.37006708225000007,0.6299329363499999,1
gsv_773.jpg,0.19901922047825,0.8009807406,1
gsv_774.jpg,0.75514198329,0.24485799617544002,0
gsv_775.jpg,0.9376767044000002,0.062323290956454995,0
gsv_776.jpg,0.37034356981000005,0.6296564298,1
gsv_777.jpg,0.58849179346,0.41150818055,0
gsv_778.jpg,0.6226667126500001,0.37733333609,0
gsv_779.jpg,0.5731020922000001,0.42689792254700004,0
gsv_78.jpg,0.08538046311345002,0.9146195265,1
gsv_780.jpg,0.22675660996000002,0.7732433947999999,1
gsv_781.jpg,0.8110488685999999,0.18895113336384003,0
gsv_782.jpg,0.9574495405500001,0.04255045827705,0
gsv_783.jpg,0.28297908171599995,0.71702093325,1
gsv_784.jpg,0.405005336408,0.5949946651,1
gsv_785.jpg,0.7267249721,0.2732750480571,0
gsv_786.jpg,0.031413632977633305,0.9685863537500001,1
gsv_787.jpg,0.6396886001750001,0.36031139528660006,0
gsv_788.jpg,0.26441691244800003,0.7355830949750002,1
gsv_789.jpg,0.46855630915,0.531443694275,1
gsv_79.jpg,0.79648853064,0.20351146309078003,0
gsv_790.jpg,0.921740147,0.0782598795662395,0
gsv_791.jpg,0.46293374070000004,0.5370662608050001,1
gsv_792.jpg,0.016091051867456,0.98390897305,1
gsv_793.jpg,0.011449868248003202,0.9885501693500001,1
gsv_794.jpg,0.2851034076000001,0.7148966194999999,1
gsv_795.jpg,0.9729653803,0.027034630656218,0
gsv_796.jpg,0.11181819665730001,0.88818179065,1
gsv_797.jpg,0.46580216535999996,0.5341978283719999,1
gsv_798.jpg,0.11059496528400001,0.8894050371,1
gsv_799.jpg,0.45963934346,0.5403606791,1
gsv_8.jpg,0.9646528578,0.035347132186667005,0
gsv_80.jpg,0.27286265365100004,0.7271373562500001,1
gsv_800.jpg,0.46822752405,0.5317724640122501,1
gsv_801.jpg,0.3547423966195,0.64525760545,1
gsv_802.jpg,0.64231376055,0.3576862259376001,0
gsv_803.jpg,0.441189021217,0.558810952675,1
gsv_804.jpg,0.9855461887000001,0.014453812785339184,0
gsv_805.jpg,0.6753039928000001,0.32469600728823833,0
gsv_806.jpg,0.5795025134540002,0.42049750533599994,0
gsv_807.jpg,0.261196622675,0.7388033905500001,1
gsv_808.jpg,0.1034880727553,0.8965119167,1
gsv_809.jpg,0.32945894285495003,0.6705410688570002,1
gsv_81.jpg,0.9123784590999999,0.08762156165422999,0
gsv_810.jpg,0.37127928813000005,0.628720744,1
gsv_811.jpg,0.7989655790500001,0.20103443033843998,0
gsv_812.jpg,0.2302701194304,0.7697298530000002,1
gsv_813.jpg,0.412764304385764,0.58723568415,1
gsv_814.jpg,0.196972679985,0.8030273030000001,1
gsv_815.jpg,0.8879079487500001,0.11209204848681402,0
gsv_816.jpg,0.0810661372032,0.9189338483,1
gsv_817.jpg,0.8407745641000001,0.15922544165000002,0
gsv_818.jpg,0.7505128940599999,0.24948710804462504,0
gsv_819.jpg,0.05858449235134501,0.9414155228500001,1
gsv_82.jpg,0.43371348675000004,0.56628652567,1
gsv_820.jpg,0.29531774034624725,0.70468228375,1
gsv_821.jpg,0.79134259319,0.20865742546250002,0
gsv_822.jpg,0.8669249832499999,0.13307501421795997,0
gsv_823.jpg,0.97335863065,0.026641376006383454,0
gsv_824.jpg,0.93425130675,0.065748681197,0
gsv_825.jpg,0.18475006234000002,0.8152499333000001,1
gsv_826.jpg,0.9211132284000001,0.078886733745,0
gsv_827.jpg,0.359051821864,0.6409481905000001,1
gsv_828.jpg,0.7107818180000001,0.28921817936,0
gsv_829.jpg,0.28058460114500006,0.7194153989000001,1
gsv_83.jpg,0.68131773191,0.318682277825,0
gsv_830.jpg,0.9710073102000001,0.028992688981636004,0
gsv_831.jpg,0.07216386072154,0.92783612145,1
gsv_832.jpg,0.9101054569000002,0.089894516337613,0
gsv_833.jpg,0.20635047778250004,0.79364954035,1
gsv_834.jpg,0.19911247679080002,0.8008875189,1
gsv_835.jpg,0.8141342201,0.18586577806145002,0
gsv_836.jpg,0.84281262622,0.1571873892325,0
gsv_837.jpg,0.02597285287697,0.9740271549,1
gsv_838.jpg,0.9963096737500001,0.0036903262137710003,0
gsv_839.jpg,0.0183319824974994,0.9816680025,1
gsv_84.jpg,0.9599586037500001,0.04004139260059022,0
gsv_840.jpg,0.4919494285,0.5080505465,1
gsv_841.jpg,0.7484176033000001,0.251582418475,0
gsv_842.jpg,0.8556376591000001,0.14436234821763003,0
gsv_843.jpg,0.23719588039077502,0.76280410425,1
gsv_844.jpg,0.9472385589000001,0.05276141322855217,0
gsv_845.jpg,0.9834043178,0.01659567092168297,0
gsv_846.jpg,0.578835057823,0.42116494075,0
gsv_847.jpg,0.03835294709502,0.961647039,1
gsv_848.jpg,0.09127570709800499,0.90872430895,1
gsv_849.jpg,0.55846653975,0.4415334582171,0
gsv_85.jpg,0.6780008927000001,0.32199911960000005,0
gsv_850.jpg,0.8967169278,0.10328306866000003,0
gsv_851.jpg,0.5922696162000001,0.4077303759137,0
gsv_852.jpg,0.59513505116,0.40486490269500003,0
gsv_854.jpg,0.8920106622000001,0.107989332116675,0
gsv_855.jpg,0.6434198743,0.35658012594,0
gsv_856.jpg,0.32887372359,0.6711262556,1
gsv_857.jpg,0.9964625661,0.00353744752409204,0
gsv_858.jpg,0.623654662649,0.376345342625,0
gsv_859.jpg,0.9954691858,0.0045308176827436,0
gsv_86.jpg,0.6104113076500001,0.38958870368000004,0
gsv_860.jpg,0.7740960883500001,0.22590392238150003,0
gsv_861.jpg,0.6596867749700001,0.34031319295,0
gsv_862.jpg,0.0120362084723884,0.9879638112,1
gsv_863.jpg,0.8063837730500001,0.193616224072,0
gsv_864.jpg,0.8312123186000001,0.16878766626830005,0
gsv_866.jpg,0.672361532237,0.32763846193357005,0
gsv_867.jpg,0.45582791497,0.5441720829825001,1
gsv_868.jpg,0.27541781079899996,0.7245821916500002,1
gsv_869.jpg,0.9066805012000001,0.09331949127725002,0
gsv_870.jpg,0.04399723457848,0.95600277635,1
gsv_871.jpg,0.7892193528,0.21078065105415003,0
gsv_872.jpg,0.5438301516299999,0.456169880026,0
gsv_873.jpg,0.014903437489115002,0.9850965708000001,1
gsv_875.jpg,0.291410651745,0.7085893378000001,1
gsv_877.jpg,0.7319238535000001,0.26807612329775,0
gsv_878.jpg,0.9928193771000001,0.007180631669020206,0
gsv_879.jpg,0.18194376985,0.8180562203499999,1
gsv_88.jpg,0.9338094082500001,0.06619060296043999,0
gsv_880.jpg,0.4460377631100001,0.55396223857,1
gsv_881.jpg,0.24978464933500003,0.7502153465000001,1
gsv_882.jpg,0.9581703570000002,0.04182964078903,0
gsv_883.jpg,0.07421047955395,0.92578953075,1
gsv_884.jpg,0.9976383396000001,0.0023616589826631024,0
gsv_886.jpg,0.89873501175,0.101265019673,0
gsv_887.jpg,0.6436259983820001,0.3563740215580001,0
gsv_888.jpg,0.9134529494999999,0.0865470092422901,0
gsv_889.jpg,0.86513343175,0.134866552402482,0
gsv_89.jpg,0.7193140764900001,0.280685940317,0
gsv_890.jpg,0.144841290979,0.8551587166,1
gsv_891.jpg,0.30780980571,0.6921901926,1
gsv_892.jpg,0.8881138118,0.11188618389566998,0
gsv_893.jpg,0.9299619594499999,0.07003802657869002,0
gsv_894.jpg,0.63032115835,0.36967884167000004,0
gsv_895.jpg,0.9201622025500001,0.07983779638379603,0
gsv_896.jpg,0.6679545606,0.33204543782675,0
gsv_897.jpg,0.9662674900000001,0.033732521226515,0
gsv_898.jpg,0.2318797910166,0.7681201959,1
gsv_899.jpg,0.5427786457500001,0.45722133088,0
gsv_9.jpg,0.3586868865341,0.6413131133000001,1
gsv_90.jpg,0.25475236883779,0.7452476227,1
gsv_900.jpg,0.9152249638500001,0.084775079486055,0
gsv_901.jpg,0.14985218699480002,0.8501478187000001,1
gsv_902.jpg,0.7342793668,0.2657206198736,0
gsv_903.jpg,0.06375914083120013,0.9362408679,1
gsv_904.jpg,0.612911787,0.38708821932000004,0
gsv_905.jpg,0.053042738253326,0.9469572238999999,1
gsv_906.jpg,0.095319140039,0.90468086495,1
gsv_907.jpg,0.9312622877000001,0.06873773408075082,0
gsv_908.jpg,0.8558936074000001,0.144106424245,0
gsv_909.jpg,0.19922195670171,0.8007780714000001,1
gsv_91.jpg,0.6278525767700001,0.3721474097942501,0
gsv_910.jpg,0.020150783036337,0.9798492212500001,1
gsv_911.jpg,0.31627193660436,0.683728057175,1
gsv_912.jpg,0.75008960539,0.24991035845499998,0
gsv_913.jpg,0.5284260238382201,0.47157397765,0
gsv_914.jpg,0.70948075866,0.2905192498652401,0
gsv_915.jpg,0.412798166595,0.58720183751,1
gsv_916.jpg,0.007304168725221501,0.9926958225000001,1
gsv_917.jpg,0.9860152551000001,0.013984761691387976,0
gsv_918.jpg,0.21470125755477001,0.785298751,1
gsv_919.jpg,0.07146184453760099,0.9285381703,1
gsv_92.jpg,0.9934469875,0.006553014220882763,0
gsv_920.jpg,0.46932964070000005,0.530670392757,1
gsv_921.jpg,0.583959339914,0.4160406689300001,0
gsv_922.jpg,0.1058793384535,0.8941206822500001,1
gsv_923.jpg,0.7336982956,0.266301695982475,0
gsv_924.jpg,0.9984407902499999,0.0015592300035167021,0
gsv_925.jpg,0.5663438567500001,0.43365613547500004,0
gsv_926.jpg,0.12648792952706,0.87351207645,1
gsv_927.jpg,0.16781181448250002,0.8321881612500001,1
gsv_928.jpg,0.6317127041500001,0.3682872907074,0
gsv_929.jpg,0.980253533,0.019746463608100003,0
gsv_93.jpg,0.5406652417200001,0.45933476580000004,0
gsv_930.jpg,0.2734425715836,0.72655741975,1
gsv_931.jpg,0.069788365155322,0.9302116586000001,1
gsv_932.jpg,0.37460146836840325,0.6253985652,1
gsv_933.jpg,0.8141106176000001,0.185889413392875,0
gsv_934.jpg,0.0149880851775015,0.98501189325,1
gsv_935.jpg,0.28969101764000005,0.7103089811625001,1
gsv_936.jpg,0.32502915659000003,0.6749708474000001,1
gsv_937.jpg,0.04329188414682,0.9567080948000001,1
gsv_938.jpg,0.98905692,0.010943063541016658,0
gsv_939.jpg,0.5269357750570001,0.47306422267600007,0
gsv_94.jpg,0.041323638345069996,0.9586763772500001,1
gsv_940.jpg,0.15418909182933602,0.8458109102,1
gsv_941.jpg,0.2042985475225,0.7957014369500002,1
gsv_942.jpg,0.7455075580300001,0.25449243144,0
gsv_943.jpg,0.7299245972499999,0.270075420985,0
gsv_944.jpg,0.7416870876500001,0.25831289991,0
gsv_945.jpg,0.9683335236,0.03166649419046701,0
gsv_946.jpg,0.21107707793980002,0.78892290485,1
gsv_947.jpg,0.87885930835,0.12114071532964903,0
gsv_948.jpg,0.065487086238055,0.9345129246500001,1
gsv_949.jpg,0.7628241290000002,0.23717586026000004,0
gsv_95.jpg,0.04262690137364001,0.9573730925,1
gsv_950.jpg,0.6790415010499999,0.320958511102,0
gsv_951.jpg,0.566385793493,0.4336141755952,0
gsv_952.jpg,0.29244484395799997,0.7075551559000002,1
gsv_953.jpg,0.29469111188200003,0.7053088878,1
gsv_954.jpg,0.0556796531174,0.9443203223000001,1
gsv_955.jpg,0.07769373972980001,0.9223062382,1
gsv_956.jpg,0.82228341485,0.1777165630319,0
gsv_957.jpg,0.54577362906,0.45422640013000004,0
gsv_958.jpg,0.82191365405,0.17808634519710698,0
gsv_959.jpg,0.9321254332,0.067874556238619,0
gsv_96.jpg,0.55031276461,0.44968721355,0
gsv_960.jpg,0.15203387608820002,0.8479660901999999,1
gsv_961.jpg,0.17041720815,0.82958279675,1
gsv_962.jpg,0.5918693499300001,0.408130627497,0
gsv_963.jpg,0.64600045342,0.35399954037000003,0
gsv_964.jpg,0.9820194528000001,0.01798056963523468,0
gsv_965.jpg,0.5927563396000001,0.40724363446700007,0
gsv_966.jpg,0.7092702665000001,0.2907297255,0
gsv_968.jpg,0.692538433925,0.307461553387,0
gsv_969.jpg,0.11148845768210001,0.8885115192000002,1
gsv_97.jpg,0.26181740150000005,0.7381825980500001,1
gsv_970.jpg,0.9949106631,0.005089319980094038,0
gsv_971.jpg,0.80527091335,0.19472909685,0
gsv_972.jpg,0.76727972105,0.23272029825249999,0
gsv_973.jpg,0.7449668742000001,0.2550331398875,0
gsv_974.jpg,0.013304645920760002,0.9866953713000001,1
gsv_975.jpg,0.6846864346000001,0.31531355431,0
gsv_976.jpg,0.13944105091022252,0.8605589882000002,1
gsv_977.jpg,0.9281044853,0.07189553010365876,0
gsv_978.jpg,0.7917113013500001,0.20828868153974997,0
gsv_979.jpg,0.77513749155,0.22486252620796499,0
gsv_98.jpg,0.7788777374000001,0.221122243765,0
gsv_980.jpg,0.058462644490800006,0.9415373732000001,1
gsv_981.jpg,0.44254885743774997,0.5574511550475001,1
gsv_982.jpg,0.24934042116825,0.750659577413,1
gsv_984.jpg,0.30654343025446007,0.6934565652,1
gsv_985.jpg,0.7638472646000001,0.23615275932427002,0
gsv_986.jpg,0.05394637563065701,0.9460536370000001,1
gsv_987.jpg,0.99835681875,0.0016431788317850002,0
gsv_988.jpg,0.077322202079,0.9226778170000001,1
gsv_989.jpg,0.15205222495509998,0.84794773285,1
gsv_99.jpg,0.16035298345780002,0.8396470191,1
gsv_990.jpg,0.64035282261,0.35964717162999993,0
gsv_991.jpg,0.7783446697,0.22165532592999998,0
gsv_992.jpg,0.807454128,0.19254585971825003,0
gsv_993.jpg,0.9968161181999999,0.0031838891471268156,0
gsv_994.jpg,0.38012734718740004,0.61987267703,1
gsv_995.jpg,0.32927798082500004,0.6707219858500001,1
gsv_996.jpg,0.9858747404000001,0.014125260551246,0
gsv_997.jpg,0.9391262318500001,0.0608737736921,0
gsv_998.jpg,0.9474129844,0.052587028963008,0
gsv_999.jpg,0.16273207882000001,0.8372679020500001,1
